lease,month,payment,interest,liab_end,rou_amort,rou_end,single_cost
"HQ — Mission St, SF",2023-04,92000.00,31912.97,6902742.01,68793.68,6894035.37,100706.64
"HQ — Mission St, SF",2023-05,92000.00,31637.57,6842379.58,69069.08,6824966.29,100706.64
"HQ — Mission St, SF",2023-06,92000.00,31360.91,6781740.49,69345.74,6755620.56,100706.64
"HQ — Mission St, SF",2023-07,92000.00,31082.98,6720823.47,69623.67,6685996.89,100706.64
"HQ — Mission St, SF",2023-08,92000.00,30803.77,6659627.24,69902.87,6616094.02,100706.64
"HQ — Mission St, SF",2023-09,92000.00,30523.29,6598150.53,70183.35,6545910.67,100706.64
"HQ — Mission St, SF",2023-10,92000.00,30241.52,6536392.05,70465.12,6475445.54,100706.64
"HQ — Mission St, SF",2023-11,92000.00,29958.46,6474350.52,70748.18,6404697.36,100706.64
"HQ — Mission St, SF",2023-12,92000.00,29674.11,6412024.62,71032.54,6333664.83,100706.64
"HQ — Mission St, SF",2024-01,92000.00,29388.45,6349413.07,71318.20,6262346.63,100706.64
"HQ — Mission St, SF",2024-02,92000.00,29101.48,6286514.55,71605.17,6190741.46,100706.64
"HQ — Mission St, SF",2024-03,92000.00,28813.19,6223327.74,71893.45,6118848.01,100706.64
"HQ — Mission St, SF",2024-04,94760.00,28523.59,6157091.32,72183.06,6046664.95,100706.64
"HQ — Mission St, SF",2024-05,94760.00,28220.00,6090551.33,72486.64,5974178.31,100706.64
"HQ — Mission St, SF",2024-06,94760.00,27915.03,6023706.35,72791.62,5901386.69,100706.64
"HQ — Mission St, SF",2024-07,94760.00,27608.65,5956555.01,73097.99,5828288.70,100706.64
"HQ — Mission St, SF",2024-08,94760.00,27300.88,5889095.88,73405.77,5754882.93,100706.64
"HQ — Mission St, SF",2024-09,94760.00,26991.69,5821327.57,73714.95,5681167.98,100706.64
"HQ — Mission St, SF",2024-10,94760.00,26681.08,5753248.66,74025.56,5607142.42,100706.64
"HQ — Mission St, SF",2024-11,94760.00,26369.06,5684857.71,74337.59,5532804.83,100706.64
"HQ — Mission St, SF",2024-12,94760.00,26055.60,5616153.31,74651.05,5458153.78,100706.64
"HQ — Mission St, SF",2025-01,94760.00,25740.70,5547134.02,74965.94,5383187.84,100706.64
"HQ — Mission St, SF",2025-02,94760.00,25424.36,5477798.38,75282.28,5307905.56,100706.64
"HQ — Mission St, SF",2025-03,94760.00,25106.58,5408144.96,75600.07,5232305.49,100706.64
"HQ — Mission St, SF",2025-04,97602.80,24787.33,5335329.49,75919.31,5156386.18,100706.64
"HQ — Mission St, SF",2025-05,97602.80,24453.59,5262180.28,76253.05,5080133.13,100706.64
"HQ — Mission St, SF",2025-06,97602.80,24118.33,5188695.81,76588.32,5003544.81,100706.64
"HQ — Mission St, SF",2025-07,97602.80,23781.52,5114874.53,76925.12,4926619.69,100706.64
"HQ — Mission St, SF",2025-08,97602.80,23443.17,5040714.90,77263.47,4849356.22,100706.64
"HQ — Mission St, SF",2025-09,97602.80,23103.28,4966215.38,77603.37,4771752.85,100706.64
"HQ — Mission St, SF",2025-10,97602.80,22761.82,4891374.40,77944.82,4693808.03,100706.64
"HQ — Mission St, SF",2025-11,97602.80,22418.80,4816190.40,78287.84,4615520.18,100706.64
"HQ — Mission St, SF",2025-12,97602.80,22074.21,4740661.81,78632.44,4536887.74,100706.64
"HQ — Mission St, SF",2026-01,97602.80,21728.03,4664787.04,78978.61,4457909.13,100706.64
"HQ — Mission St, SF",2026-02,97602.80,21380.27,4588564.51,79326.37,4378582.76,100706.64
"HQ — Mission St, SF",2026-03,97602.80,21030.92,4511992.63,79675.72,4298907.04,100706.64
"HQ — Mission St, SF",2026-04,100530.88,20679.97,4432141.72,80026.68,4218880.36,100706.64
"HQ — Mission St, SF",2026-05,100530.88,20313.98,4351924.82,80392.66,4138487.70,100706.64
"HQ — Mission St, SF",2026-06,100530.88,19946.32,4271340.27,80760.32,4057727.38,100706.64
"HQ — Mission St, SF",2026-07,100530.88,19576.98,4190386.36,81129.67,3976597.71,100706.64
"HQ — Mission St, SF",2026-08,100530.88,19205.94,4109061.42,81500.71,3895097.00,100706.64
"HQ — Mission St, SF",2026-09,100530.88,18833.20,4027363.74,81873.45,3813223.56,100706.64
"HQ — Mission St, SF",2026-10,100530.88,18458.75,3945291.61,82247.89,3730975.66,100706.64
"HQ — Mission St, SF",2026-11,100530.88,18082.59,3862843.31,82624.06,3648351.61,100706.64
"HQ — Mission St, SF",2026-12,100530.88,17704.70,3780017.13,83001.95,3565349.66,100706.64
"HQ — Mission St, SF",2027-01,100530.88,17325.08,3696811.33,83381.57,3481968.09,100706.64
"HQ — Mission St, SF",2027-02,100530.88,16943.72,3613224.17,83762.93,3398205.17,100706.64
"HQ — Mission St, SF",2027-03,100530.88,16560.61,3529253.90,84146.03,3314059.14,100706.64
"HQ — Mission St, SF",2027-04,103546.81,16175.75,3441882.84,84530.90,3229528.24,100706.64
"HQ — Mission St, SF",2027-05,103546.81,15775.30,3354111.32,84931.35,3144596.89,100706.64
"HQ — Mission St, SF",2027-06,103546.81,15373.01,3265937.52,85333.63,3059263.26,100706.64
"HQ — Mission St, SF",2027-07,103546.81,14968.88,3177359.59,85737.76,2973525.49,100706.64
"HQ — Mission St, SF",2027-08,103546.81,14562.90,3088375.68,86143.75,2887381.75,100706.64
"HQ — Mission St, SF",2027-09,103546.81,14155.06,2998983.93,86551.59,2800830.16,100706.64
"HQ — Mission St, SF",2027-10,103546.81,13745.34,2909182.46,86961.30,2713868.86,100706.64
"HQ — Mission St, SF",2027-11,103546.81,13333.75,2818969.40,87372.89,2626495.96,100706.64
"HQ — Mission St, SF",2027-12,103546.81,12920.28,2728342.87,87786.37,2538709.60,100706.64
"HQ — Mission St, SF",2028-01,103546.81,12504.90,2637300.97,88201.74,2450507.86,100706.64
"HQ — Mission St, SF",2028-02,103546.81,12087.63,2545841.78,88619.01,2361888.84,100706.64
"HQ — Mission St, SF",2028-03,103546.81,11668.44,2453963.42,89038.20,2272850.64,100706.64
"HQ — Mission St, SF",2028-04,106653.21,11247.33,2358557.54,89459.31,2183391.33,100706.64
"HQ — Mission St, SF",2028-05,106653.21,10810.06,2262714.38,89896.59,2093494.74,100706.64
"HQ — Mission St, SF",2028-06,106653.21,10370.77,2166431.95,90335.87,2003158.87,100706.64
"HQ — Mission St, SF",2028-07,106653.21,9929.48,2069708.22,90777.16,1912381.70,100706.64
"HQ — Mission St, SF",2028-08,106653.21,9486.16,1972541.17,91220.48,1821161.22,100706.64
"HQ — Mission St, SF",2028-09,106653.21,9040.81,1874928.77,91665.83,1729495.39,100706.64
"HQ — Mission St, SF",2028-10,106653.21,8593.42,1776868.99,92113.22,1637382.17,100706.64
"HQ — Mission St, SF",2028-11,106653.21,8143.98,1678359.76,92562.66,1544819.51,100706.64
"HQ — Mission St, SF",2028-12,106653.21,7692.48,1579399.03,93014.16,1451805.35,100706.64
"HQ — Mission St, SF",2029-01,106653.21,7238.91,1479984.74,93467.73,1358337.62,100706.64
"HQ — Mission St, SF",2029-02,106653.21,6783.26,1380114.79,93923.38,1264414.23,100706.64
"HQ — Mission St, SF",2029-03,106653.21,6325.53,1279787.10,94381.12,1170033.12,100706.64
"HQ — Mission St, SF",2029-04,109852.81,5865.69,1175799.99,94840.95,1075192.16,100706.64
"HQ — Mission St, SF",2029-05,109852.81,5389.08,1071336.26,95317.56,979874.60,100706.64
"HQ — Mission St, SF",2029-06,109852.81,4910.29,966393.74,95796.35,884078.25,100706.64
"HQ — Mission St, SF",2029-07,109852.81,4429.30,860970.23,96277.34,787800.91,100706.64
"HQ — Mission St, SF",2029-08,109852.81,3946.11,755063.54,96760.53,691040.38,100706.64
"HQ — Mission St, SF",2029-09,109852.81,3460.71,648671.44,97245.94,593794.44,100706.64
"HQ — Mission St, SF",2029-10,109852.81,2973.08,541791.70,97733.57,496060.87,100706.64
"HQ — Mission St, SF",2029-11,109852.81,2483.21,434422.11,98223.43,397837.44,100706.64
"HQ — Mission St, SF",2029-12,109852.81,1991.10,326560.40,98715.54,299121.90,100706.64
"HQ — Mission St, SF",2030-01,109852.81,1496.74,218204.32,99209.91,199911.99,100706.64
"HQ — Mission St, SF",2030-02,109852.81,1000.10,109351.62,99706.54,100205.45,100706.64
"HQ — Mission St, SF",2030-03,109852.81,501.19,-0.00,100205.45,-0.00,100706.64
NYC office — Hudson Yards,2024-02,61000.00,16692.58,3294208.49,48078.88,3290437.03,64771.46
NYC office — Hudson Yards,2024-03,61000.00,16471.04,3249679.53,48300.42,3242136.61,64771.46
NYC office — Hudson Yards,2024-04,61000.00,16248.40,3204927.93,48523.06,3193613.55,64771.46
NYC office — Hudson Yards,2024-05,61000.00,16024.64,3159952.56,48746.82,3144866.73,64771.46
NYC office — Hudson Yards,2024-06,61000.00,15799.76,3114752.33,48971.70,3095895.04,64771.46
NYC office — Hudson Yards,2024-07,61000.00,15573.76,3069326.09,49197.70,3046697.34,64771.46
NYC office — Hudson Yards,2024-08,61000.00,15346.63,3023672.72,49424.83,2997272.51,64771.46
NYC office — Hudson Yards,2024-09,61000.00,15118.36,2977791.08,49653.09,2947619.42,64771.46
NYC office — Hudson Yards,2024-10,61000.00,14888.96,2931680.04,49882.50,2897736.92,64771.46
NYC office — Hudson Yards,2024-11,61000.00,14658.40,2885338.44,50113.06,2847623.86,64771.46
NYC office — Hudson Yards,2024-12,61000.00,14426.69,2838765.13,50344.77,2797279.09,64771.46
NYC office — Hudson Yards,2025-01,61000.00,14193.83,2791958.96,50577.63,2746701.46,64771.46
NYC office — Hudson Yards,2025-02,62830.00,13959.79,2743088.75,50811.66,2695889.80,64771.46
NYC office — Hudson Yards,2025-03,62830.00,13715.44,2693974.20,51056.01,2644833.78,64771.46
NYC office — Hudson Yards,2025-04,62830.00,13469.87,2644614.07,51301.59,2593532.20,64771.46
NYC office — Hudson Yards,2025-05,62830.00,13223.07,2595007.14,51548.39,2541983.81,64771.46
NYC office — Hudson Yards,2025-06,62830.00,12975.04,2545152.17,51796.42,2490187.39,64771.46
NYC office — Hudson Yards,2025-07,62830.00,12725.76,2495047.93,52045.70,2438141.69,64771.46
NYC office — Hudson Yards,2025-08,62830.00,12475.24,2444693.17,52296.22,2385845.47,64771.46
NYC office — Hudson Yards,2025-09,62830.00,12223.47,2394086.64,52547.99,2333297.48,64771.46
NYC office — Hudson Yards,2025-10,62830.00,11970.43,2343227.07,52801.02,2280496.45,64771.46
NYC office — Hudson Yards,2025-11,62830.00,11716.14,2292113.21,53055.32,2227441.13,64771.46
NYC office — Hudson Yards,2025-12,62830.00,11460.57,2240743.77,53310.89,2174130.24,64771.46
NYC office — Hudson Yards,2026-01,62830.00,11203.72,2189117.49,53567.74,2120562.50,64771.46
NYC office — Hudson Yards,2026-02,64714.90,10945.59,2135348.18,53825.87,2066736.63,64771.46
NYC office — Hudson Yards,2026-03,64714.90,10676.74,2081310.02,54094.72,2012641.91,64771.46
NYC office — Hudson Yards,2026-04,64714.90,10406.55,2027001.67,54364.91,1958277.00,64771.46
NYC office — Hudson Yards,2026-05,64714.90,10135.01,1972421.78,54636.45,1903640.55,64771.46
NYC office — Hudson Yards,2026-06,64714.90,9862.11,1917568.99,54909.35,1848731.21,64771.46
NYC office — Hudson Yards,2026-07,64714.90,9587.84,1862441.93,55183.61,1793547.59,64771.46
NYC office — Hudson Yards,2026-08,64714.90,9312.21,1807039.24,55459.25,1738088.34,64771.46
NYC office — Hudson Yards,2026-09,64714.90,9035.20,1751359.54,55736.26,1682352.08,64771.46
NYC office — Hudson Yards,2026-10,64714.90,8756.80,1695401.44,56014.66,1626337.42,64771.46
NYC office — Hudson Yards,2026-11,64714.90,8477.01,1639163.54,56294.45,1570042.97,64771.46
NYC office — Hudson Yards,2026-12,64714.90,8195.82,1582644.46,56575.64,1513467.33,64771.46
NYC office — Hudson Yards,2027-01,64714.90,7913.22,1525842.78,56858.24,1456609.10,64771.46
NYC office — Hudson Yards,2027-02,66656.35,7629.21,1466815.65,57142.24,1399466.85,64771.46
NYC office — Hudson Yards,2027-03,66656.35,7334.08,1407493.38,57437.38,1342029.47,64771.46
NYC office — Hudson Yards,2027-04,66656.35,7037.47,1347874.49,57733.99,1284295.48,64771.46
NYC office — Hudson Yards,2027-05,66656.35,6739.37,1287957.52,58032.09,1226263.40,64771.46
NYC office — Hudson Yards,2027-06,66656.35,6439.79,1227740.95,58331.67,1167931.72,64771.46
NYC office — Hudson Yards,2027-07,66656.35,6138.70,1167223.31,58632.75,1109298.97,64771.46
NYC office — Hudson Yards,2027-08,66656.35,5836.12,1106403.07,58935.34,1050363.63,64771.46
NYC office — Hudson Yards,2027-09,66656.35,5532.02,1045278.74,59239.44,991124.19,64771.46
NYC office — Hudson Yards,2027-10,66656.35,5226.39,983848.78,59545.06,931579.12,64771.46
NYC office — Hudson Yards,2027-11,66656.35,4919.24,922111.68,59852.21,871726.91,64771.46
NYC office — Hudson Yards,2027-12,66656.35,4610.56,860065.89,60160.90,811566.01,64771.46
NYC office — Hudson Yards,2028-01,66656.35,4300.33,797709.86,60471.13,751094.88,64771.46
NYC office — Hudson Yards,2028-02,68656.04,3988.55,733042.37,60782.91,690311.97,64771.46
NYC office — Hudson Yards,2028-03,68656.04,3665.21,668051.55,61106.25,629205.73,64771.46
NYC office — Hudson Yards,2028-04,68656.04,3340.26,602735.76,61431.20,567774.53,64771.46
NYC office — Hudson Yards,2028-05,68656.04,3013.68,537093.40,61757.78,506016.75,64771.46
NYC office — Hudson Yards,2028-06,68656.04,2685.47,471122.83,62085.99,443930.76,64771.46
NYC office — Hudson Yards,2028-07,68656.04,2355.61,404822.40,62415.84,381514.91,64771.46
NYC office — Hudson Yards,2028-08,68656.04,2024.11,338190.48,62747.35,318767.57,64771.46
NYC office — Hudson Yards,2028-09,68656.04,1690.95,271225.39,63080.51,255687.06,64771.46
NYC office — Hudson Yards,2028-10,68656.04,1356.13,203925.47,63415.33,192271.73,64771.46
NYC office — Hudson Yards,2028-11,68656.04,1019.63,136289.06,63751.83,128519.90,64771.46
NYC office — Hudson Yards,2028-12,68656.04,681.45,68314.47,64090.01,64429.89,64771.46
NYC office — Hudson Yards,2029-01,68656.04,341.57,0.00,64429.89,0.00,64771.46
Austin office,2024-09,24000.00,5332.41,1047813.62,19769.36,1046711.86,25101.76
Austin office,2024-10,24000.00,5239.07,1029052.69,19862.69,1026849.17,25101.76
Austin office,2024-11,24000.00,5145.26,1010197.95,19956.50,1006892.67,25101.76
Austin office,2024-12,24000.00,5050.99,991248.94,20050.77,986841.89,25101.76
Austin office,2025-01,24000.00,4956.24,972205.19,20145.52,966696.38,25101.76
Austin office,2025-02,24000.00,4861.03,953066.21,20240.74,946455.64,25101.76
Austin office,2025-03,24000.00,4765.33,933831.55,20336.43,926119.21,25101.76
Austin office,2025-04,24000.00,4669.16,914500.70,20432.60,905686.60,25101.76
Austin office,2025-05,24000.00,4572.50,895073.21,20529.26,885157.34,25101.76
Austin office,2025-06,24000.00,4475.37,875548.57,20626.40,864530.95,25101.76
Austin office,2025-07,24000.00,4377.74,855926.32,20724.02,843806.93,25101.76
Austin office,2025-08,24000.00,4279.63,836205.95,20822.13,822984.80,25101.76
Austin office,2025-09,24720.00,4181.03,815666.98,20920.73,802064.06,25101.76
Austin office,2025-10,24720.00,4078.33,795025.31,21023.43,781040.64,25101.76
Austin office,2025-11,24720.00,3975.13,774280.44,21126.64,759914.00,25101.76
Austin office,2025-12,24720.00,3871.40,753431.84,21230.36,738683.64,25101.76
Austin office,2026-01,24720.00,3767.16,732479.00,21334.60,717349.04,25101.76
Austin office,2026-02,24720.00,3662.40,711421.40,21439.37,695909.67,25101.76
Austin office,2026-03,24720.00,3557.11,690258.50,21544.66,674365.01,25101.76
Austin office,2026-04,24720.00,3451.29,668989.79,21650.47,652714.54,25101.76
Austin office,2026-05,24720.00,3344.95,647614.74,21756.81,630957.73,25101.76
Austin office,2026-06,24720.00,3238.07,626132.82,21863.69,609094.04,25101.76
Austin office,2026-07,24720.00,3130.66,604543.48,21971.10,587122.94,25101.76
Austin office,2026-08,24720.00,3022.72,582846.20,22079.05,565043.90,25101.76
Austin office,2026-09,25461.60,2914.23,560298.83,22187.53,542856.37,25101.76
Austin office,2026-10,25461.60,2801.49,537638.72,22300.27,520556.10,25101.76
Austin office,2026-11,25461.60,2688.19,514865.32,22413.57,498142.53,25101.76
Austin office,2026-12,25461.60,2574.33,491978.04,22527.44,475615.09,25101.76
Austin office,2027-01,25461.60,2459.89,468976.33,22641.87,452973.22,25101.76
Austin office,2027-02,25461.60,2344.88,445859.62,22756.88,430216.34,25101.76
Austin office,2027-03,25461.60,2229.30,422627.31,22872.46,407343.88,25101.76
Austin office,2027-04,25461.60,2113.14,399278.85,22988.63,384355.25,25101.76
Austin office,2027-05,25461.60,1996.39,375813.64,23105.37,361249.88,25101.76
Austin office,2027-06,25461.60,1879.07,352231.11,23222.69,338027.19,25101.76
Austin office,2027-07,25461.60,1761.16,328530.67,23340.61,314686.58,25101.76
Austin office,2027-08,25461.60,1642.65,304711.72,23459.11,291227.47,25101.76
Austin office,2027-09,26225.45,1523.56,280009.83,23578.20,267649.27,25101.76
Austin office,2027-10,26225.45,1400.05,255184.43,23701.71,243947.55,25101.76
Austin office,2027-11,26225.45,1275.92,230234.90,23825.84,220121.71,25101.76
Austin office,2027-12,26225.45,1151.17,205160.63,23950.59,196171.13,25101.76
Austin office,2028-01,26225.45,1025.80,179960.98,24075.96,172095.17,25101.76
Austin office,2028-02,26225.45,899.80,154635.33,24201.96,147893.21,25101.76
Austin office,2028-03,26225.45,773.18,129183.06,24328.59,123564.62,25101.76
Austin office,2028-04,26225.45,645.92,103603.53,24455.85,99108.78,25101.76
Austin office,2028-05,26225.45,518.02,77896.09,24583.74,74525.03,25101.76
Austin office,2028-06,26225.45,389.48,52060.12,24712.28,49812.75,25101.76
Austin office,2028-07,26225.45,260.30,26094.98,24841.46,24971.29,25101.76
Austin office,2028-08,26225.45,130.47,0.00,24971.29,0.00,25101.76
London office — Shoreditch,2025-01,48500.00,15259.81,3123962.05,37026.50,3120175.74,52286.31
London office — Shoreditch,2025-02,48500.00,15099.15,3090561.20,37187.16,3082988.58,52286.31
London office — Shoreditch,2025-03,48500.00,14937.71,3056998.91,37348.60,3045639.97,52286.31
London office — Shoreditch,2025-04,48500.00,14775.49,3023274.41,37510.82,3008129.16,52286.31
London office — Shoreditch,2025-05,48500.00,14612.49,2989386.90,37673.82,2970455.34,52286.31
London office — Shoreditch,2025-06,48500.00,14448.70,2955335.61,37837.61,2932617.73,52286.31
London office — Shoreditch,2025-07,48500.00,14284.12,2921119.73,38002.19,2894615.53,52286.31
London office — Shoreditch,2025-08,48500.00,14118.75,2886738.47,38167.57,2856447.97,52286.31
London office — Shoreditch,2025-09,48500.00,13952.57,2852191.04,38333.74,2818114.22,52286.31
London office — Shoreditch,2025-10,48500.00,13785.59,2817476.63,38500.72,2779613.50,52286.31
London office — Shoreditch,2025-11,48500.00,13617.80,2782594.44,38668.51,2740944.99,52286.31
London office — Shoreditch,2025-12,48500.00,13449.21,2747543.64,38837.11,2702107.88,52286.31
London office — Shoreditch,2026-01,49955.00,13279.79,2710868.44,39006.52,2663101.36,52286.31
London office — Shoreditch,2026-02,49955.00,13102.53,2674015.97,39183.78,2623917.58,52286.31
London office — Shoreditch,2026-03,49955.00,12924.41,2636985.38,39361.90,2584555.68,52286.31
London office — Shoreditch,2026-04,49955.00,12745.43,2599775.81,39540.88,2545014.79,52286.31
London office — Shoreditch,2026-05,49955.00,12565.58,2562386.39,39720.73,2505294.06,52286.31
London office — Shoreditch,2026-06,49955.00,12384.87,2524816.26,39901.45,2465392.62,52286.31
London office — Shoreditch,2026-07,49955.00,12203.28,2487064.54,40083.03,2425309.58,52286.31
London office — Shoreditch,2026-08,49955.00,12020.81,2449130.35,40265.50,2385044.08,52286.31
London office — Shoreditch,2026-09,49955.00,11837.46,2411012.81,40448.85,2344595.23,52286.31
London office — Shoreditch,2026-10,49955.00,11653.23,2372711.04,40633.08,2303962.15,52286.31
London office — Shoreditch,2026-11,49955.00,11468.10,2334224.14,40818.21,2263143.94,52286.31
London office — Shoreditch,2026-12,49955.00,11282.08,2295551.23,41004.23,2222139.71,52286.31
London office — Shoreditch,2027-01,51453.65,11095.16,2255192.74,41191.15,2180948.56,52286.31
London office — Shoreditch,2027-02,51453.65,10900.10,2214639.19,41386.22,2139562.34,52286.31
London office — Shoreditch,2027-03,51453.65,10704.09,2173889.63,41582.22,2097980.12,52286.31
London office — Shoreditch,2027-04,51453.65,10507.13,2132943.11,41779.18,2056200.94,52286.31
London office — Shoreditch,2027-05,51453.65,10309.23,2091798.69,41977.09,2014223.85,52286.31
London office — Shoreditch,2027-06,51453.65,10110.36,2050455.40,42175.95,1972047.90,52286.31
London office — Shoreditch,2027-07,51453.65,9910.53,2008912.28,42375.78,1929672.12,52286.31
London office — Shoreditch,2027-08,51453.65,9709.74,1967168.37,42576.57,1887095.55,52286.31
London office — Shoreditch,2027-09,51453.65,9507.98,1925222.71,42778.33,1844317.22,52286.31
London office — Shoreditch,2027-10,51453.65,9305.24,1883074.30,42981.07,1801336.15,52286.31
London office — Shoreditch,2027-11,51453.65,9101.53,1840722.17,43184.79,1758151.36,52286.31
London office — Shoreditch,2027-12,51453.65,8896.82,1798165.35,43389.49,1714761.87,52286.31
London office — Shoreditch,2028-01,52997.26,8691.13,1753859.22,43595.18,1671166.69,52286.31
London office — Shoreditch,2028-02,52997.26,8476.99,1709338.95,43809.33,1627357.36,52286.31
London office — Shoreditch,2028-03,52997.26,8261.80,1664603.49,44024.51,1583332.85,52286.31
London office — Shoreditch,2028-04,52997.26,8045.58,1619651.82,44240.73,1539092.12,52286.31
London office — Shoreditch,2028-05,52997.26,7828.32,1574482.87,44458.00,1494634.13,52286.31
London office — Shoreditch,2028-06,52997.26,7610.00,1529095.61,44676.31,1449957.81,52286.31
London office — Shoreditch,2028-07,52997.26,7390.63,1483488.98,44895.68,1405062.13,52286.31
London office — Shoreditch,2028-08,52997.26,7170.20,1437661.92,45116.12,1359946.01,52286.31
London office — Shoreditch,2028-09,52997.26,6948.70,1391613.36,45337.61,1314608.40,52286.31
London office — Shoreditch,2028-10,52997.26,6726.13,1345342.23,45560.18,1269048.22,52286.31
London office — Shoreditch,2028-11,52997.26,6502.49,1298847.46,45783.83,1223264.39,52286.31
London office — Shoreditch,2028-12,52997.26,6277.76,1252127.96,46008.55,1177255.84,52286.31
London office — Shoreditch,2029-01,54587.18,6051.95,1203592.73,46234.36,1131021.48,52286.31
London office — Shoreditch,2029-02,54587.18,5817.36,1154822.92,46468.95,1084552.53,52286.31
London office — Shoreditch,2029-03,54587.18,5581.64,1105817.38,46704.67,1037847.86,52286.31
London office — Shoreditch,2029-04,54587.18,5344.78,1056574.98,46941.53,990906.33,52286.31
London office — Shoreditch,2029-05,54587.18,5106.78,1007094.58,47179.53,943726.80,52286.31
London office — Shoreditch,2029-06,54587.18,4867.62,957375.03,47418.69,896308.11,52286.31
London office — Shoreditch,2029-07,54587.18,4627.31,907415.16,47659.00,848649.11,52286.31
London office — Shoreditch,2029-08,54587.18,4385.84,857213.82,47900.47,800748.63,52286.31
London office — Shoreditch,2029-09,54587.18,4143.20,806769.84,48143.11,752605.52,52286.31
London office — Shoreditch,2029-10,54587.18,3899.39,756082.05,48386.93,704218.59,52286.31
London office — Shoreditch,2029-11,54587.18,3654.40,705149.26,48631.92,655586.68,52286.31
London office — Shoreditch,2029-12,54587.18,3408.22,653970.31,48878.09,606708.59,52286.31
London office — Shoreditch,2030-01,56224.79,3160.86,600906.37,49125.46,557583.13,52286.31
London office — Shoreditch,2030-02,56224.79,2904.38,547585.96,49381.93,508201.20,52286.31
London office — Shoreditch,2030-03,56224.79,2646.67,494007.84,49639.65,458561.55,52286.31
London office — Shoreditch,2030-04,56224.79,2387.70,440170.75,49898.61,408662.94,52286.31
London office — Shoreditch,2030-05,56224.79,2127.49,386073.45,50158.82,358504.12,52286.31
London office — Shoreditch,2030-06,56224.79,1866.02,331714.69,50420.29,308083.83,52286.31
London office — Shoreditch,2030-07,56224.79,1603.29,277093.18,50683.03,257400.80,52286.31
London office — Shoreditch,2030-08,56224.79,1339.28,222207.68,50947.03,206453.77,52286.31
London office — Shoreditch,2030-09,56224.79,1074.00,167056.89,51212.31,155241.46,52286.31
London office — Shoreditch,2030-10,56224.79,807.44,111639.54,51478.87,103762.59,52286.31
London office — Shoreditch,2030-11,56224.79,539.59,55954.34,51746.72,52015.87,52286.31
London office — Shoreditch,2030-12,56224.79,270.45,0.00,52015.87,0.00,52286.31
GPU capacity services agreement,2025-03,240000.00,57014.54,9878404.12,209612.28,9851777.30,266626.82
GPU capacity services agreement,2025-04,240000.00,55977.62,9694381.74,209612.28,9642165.01,265589.91
GPU capacity services agreement,2025-05,240000.00,54934.83,9509316.57,209612.28,9432552.73,264547.11
GPU capacity services agreement,2025-06,240000.00,53886.13,9323202.70,209612.28,9222940.45,263498.41
GPU capacity services agreement,2025-07,240000.00,52831.48,9136034.18,209612.28,9013328.17,262443.76
GPU capacity services agreement,2025-08,240000.00,51770.86,8947805.04,209612.28,8803715.88,261383.14
GPU capacity services agreement,2025-09,240000.00,50704.23,8758509.27,209612.28,8594103.60,260316.51
GPU capacity services agreement,2025-10,240000.00,49631.55,8568140.83,209612.28,8384491.32,259243.84
GPU capacity services agreement,2025-11,240000.00,48552.80,8376693.62,209612.28,8174879.03,258165.08
GPU capacity services agreement,2025-12,240000.00,47467.93,8184161.55,209612.28,7965266.75,257080.21
GPU capacity services agreement,2026-01,240000.00,46376.92,7990538.47,209612.28,7755654.47,255989.20
GPU capacity services agreement,2026-02,240000.00,45279.72,7795818.19,209612.28,7546042.19,254892.00
GPU capacity services agreement,2026-03,240000.00,44176.30,7599994.49,209612.28,7336429.90,253788.59
GPU capacity services agreement,2026-04,240000.00,43066.64,7403061.13,209612.28,7126817.62,252678.92
GPU capacity services agreement,2026-05,240000.00,41950.68,7205011.81,209612.28,6917205.34,251562.96
GPU capacity services agreement,2026-06,240000.00,40828.40,7005840.21,209612.28,6707593.05,250440.68
GPU capacity services agreement,2026-07,240000.00,39699.76,6805539.97,209612.28,6497980.77,249312.04
GPU capacity services agreement,2026-08,240000.00,38564.73,6604104.69,209612.28,6288368.49,248177.01
GPU capacity services agreement,2026-09,240000.00,37423.26,6401527.95,209612.28,6078756.20,247035.54
GPU capacity services agreement,2026-10,240000.00,36275.33,6197803.28,209612.28,5869143.92,245887.61
GPU capacity services agreement,2026-11,240000.00,35120.89,5992924.16,209612.28,5659531.64,244733.17
GPU capacity services agreement,2026-12,240000.00,33959.90,5786884.07,209612.28,5449919.36,243572.19
GPU capacity services agreement,2027-01,240000.00,32792.34,5579676.41,209612.28,5240307.07,242404.63
GPU capacity services agreement,2027-02,240000.00,31618.17,5371294.58,209612.28,5030694.79,241230.45
GPU capacity services agreement,2027-03,240000.00,30437.34,5161731.91,209612.28,4821082.51,240049.62
GPU capacity services agreement,2027-04,240000.00,29249.81,4950981.73,209612.28,4611470.22,238862.10
GPU capacity services agreement,2027-05,240000.00,28055.56,4739037.29,209612.28,4401857.94,237667.85
GPU capacity services agreement,2027-06,240000.00,26854.54,4525891.83,209612.28,4192245.66,236466.83
GPU capacity services agreement,2027-07,240000.00,25646.72,4311538.55,209612.28,3982633.38,235259.00
GPU capacity services agreement,2027-08,240000.00,24432.05,4095970.61,209612.28,3773021.09,234044.33
GPU capacity services agreement,2027-09,240000.00,23210.50,3879181.11,209612.28,3563408.81,232822.78
GPU capacity services agreement,2027-10,240000.00,21982.03,3661163.13,209612.28,3353796.53,231594.31
GPU capacity services agreement,2027-11,240000.00,20746.59,3441909.72,209612.28,3144184.24,230358.87
GPU capacity services agreement,2027-12,240000.00,19504.16,3221413.88,209612.28,2934571.96,229116.44
GPU capacity services agreement,2028-01,240000.00,18254.68,2999668.56,209612.28,2724959.68,227866.96
GPU capacity services agreement,2028-02,240000.00,16998.12,2776666.68,209612.28,2515347.40,226610.40
GPU capacity services agreement,2028-03,240000.00,15734.44,2552401.12,209612.28,2305735.11,225346.73
GPU capacity services agreement,2028-04,240000.00,14463.61,2326864.73,209612.28,2096122.83,224075.89
GPU capacity services agreement,2028-05,240000.00,13185.57,2100050.30,209612.28,1886510.55,222797.85
GPU capacity services agreement,2028-06,240000.00,11900.29,1871950.58,209612.28,1676898.26,221512.57
GPU capacity services agreement,2028-07,240000.00,10607.72,1642558.30,209612.28,1467285.98,220220.00
GPU capacity services agreement,2028-08,240000.00,9307.83,1411866.13,209612.28,1257673.70,218920.11
GPU capacity services agreement,2028-09,240000.00,8000.57,1179866.71,209612.28,1048061.41,217612.86
GPU capacity services agreement,2028-10,240000.00,6685.91,946552.62,209612.28,838449.13,216298.19
GPU capacity services agreement,2028-11,240000.00,5363.80,711916.42,209612.28,628836.85,214976.08
GPU capacity services agreement,2028-12,240000.00,4034.19,475950.61,209612.28,419224.57,213646.48
GPU capacity services agreement,2029-01,240000.00,2697.05,238647.66,209612.28,209612.28,212309.34
GPU capacity services agreement,2029-02,240000.00,1352.34,-0.00,209612.28,0.00,210964.62
Fleet vehicle #101,2023-08,3705.00,636.53,118176.17,3367.91,117876.73,4004.44
Fleet vehicle #101,2023-09,3705.00,620.42,115091.59,3367.91,114508.82,3988.33
Fleet vehicle #101,2023-10,3705.00,604.23,111990.82,3367.91,111140.92,3972.14
Fleet vehicle #101,2023-11,3705.00,587.95,108873.78,3367.91,107773.01,3955.86
Fleet vehicle #101,2023-12,3705.00,571.59,105740.36,3367.91,104405.10,3939.49
Fleet vehicle #101,2024-01,3705.00,555.14,102590.50,3367.91,101037.20,3923.04
Fleet vehicle #101,2024-02,3705.00,538.60,99424.10,3367.91,97669.29,3906.51
Fleet vehicle #101,2024-03,3705.00,521.98,96241.08,3367.91,94301.38,3889.88
Fleet vehicle #101,2024-04,3705.00,505.27,93041.34,3367.91,90933.48,3873.17
Fleet vehicle #101,2024-05,3705.00,488.47,89824.81,3367.91,87565.57,3856.37
Fleet vehicle #101,2024-06,3705.00,471.58,86591.39,3367.91,84197.66,3839.49
Fleet vehicle #101,2024-07,3705.00,454.60,83341.00,3367.91,80829.76,3822.51
Fleet vehicle #101,2024-08,3705.00,437.54,80073.54,3367.91,77461.85,3805.45
Fleet vehicle #101,2024-09,3705.00,420.39,76788.92,3367.91,74093.94,3788.29
Fleet vehicle #101,2024-10,3705.00,403.14,73487.06,3367.91,70726.04,3771.05
Fleet vehicle #101,2024-11,3705.00,385.81,70167.87,3367.91,67358.13,3753.71
Fleet vehicle #101,2024-12,3705.00,368.38,66831.25,3367.91,63990.22,3736.29
Fleet vehicle #101,2025-01,3705.00,350.86,63477.12,3367.91,60622.32,3718.77
Fleet vehicle #101,2025-02,3705.00,333.25,60105.37,3367.91,57254.41,3701.16
Fleet vehicle #101,2025-03,3705.00,315.55,56715.92,3367.91,53886.50,3683.46
Fleet vehicle #101,2025-04,3705.00,297.76,53308.68,3367.91,50518.60,3665.67
Fleet vehicle #101,2025-05,3705.00,279.87,49883.55,3367.91,47150.69,3647.78
Fleet vehicle #101,2025-06,3705.00,261.89,46440.44,3367.91,43782.78,3629.80
Fleet vehicle #101,2025-07,3705.00,243.81,42979.25,3367.91,40414.88,3611.72
Fleet vehicle #101,2025-08,3705.00,225.64,39499.90,3367.91,37046.97,3593.55
Fleet vehicle #101,2025-09,3705.00,207.37,36002.27,3367.91,33679.07,3575.28
Fleet vehicle #101,2025-10,3705.00,189.01,32486.28,3367.91,30311.16,3556.92
Fleet vehicle #101,2025-11,3705.00,170.55,28951.83,3367.91,26943.25,3538.46
Fleet vehicle #101,2025-12,3705.00,152.00,25398.83,3367.91,23575.35,3519.90
Fleet vehicle #101,2026-01,3705.00,133.34,21827.18,3367.91,20207.44,3501.25
Fleet vehicle #101,2026-02,3705.00,114.59,18236.77,3367.91,16839.53,3482.50
Fleet vehicle #101,2026-03,3705.00,95.74,14627.51,3367.91,13471.63,3463.65
Fleet vehicle #101,2026-04,3705.00,76.79,10999.31,3367.91,10103.72,3444.70
Fleet vehicle #101,2026-05,3705.00,57.75,7352.05,3367.91,6735.81,3425.65
Fleet vehicle #101,2026-06,3705.00,38.60,3685.65,3367.91,3367.91,3406.50
Fleet vehicle #101,2026-07,3705.00,19.35,0.00,3367.91,-0.00,3387.26
Fleet vehicle #102,2023-06,3111.00,534.48,99229.71,2827.95,98978.27,3362.43
Fleet vehicle #102,2023-07,3111.00,520.96,96639.66,2827.95,96150.32,3348.91
Fleet vehicle #102,2023-08,3111.00,507.36,94036.02,2827.95,93322.37,3335.31
Fleet vehicle #102,2023-09,3111.00,493.69,91418.71,2827.95,90494.42,3321.64
Fleet vehicle #102,2023-10,3111.00,479.95,88787.66,2827.95,87666.47,3307.90
Fleet vehicle #102,2023-11,3111.00,466.14,86142.79,2827.95,84838.52,3294.09
Fleet vehicle #102,2023-12,3111.00,452.25,83484.04,2827.95,82010.57,3280.20
Fleet vehicle #102,2024-01,3111.00,438.29,80811.33,2827.95,79182.62,3266.24
Fleet vehicle #102,2024-02,3111.00,424.26,78124.59,2827.95,76354.67,3252.21
Fleet vehicle #102,2024-03,3111.00,410.15,75423.75,2827.95,73526.72,3238.10
Fleet vehicle #102,2024-04,3111.00,395.97,72708.72,2827.95,70698.77,3223.93
Fleet vehicle #102,2024-05,3111.00,381.72,69979.44,2827.95,67870.82,3209.67
Fleet vehicle #102,2024-06,3111.00,367.39,67235.84,2827.95,65042.87,3195.34
Fleet vehicle #102,2024-07,3111.00,352.99,64477.82,2827.95,62214.91,3180.94
Fleet vehicle #102,2024-08,3111.00,338.51,61705.33,2827.95,59386.96,3166.46
Fleet vehicle #102,2024-09,3111.00,323.95,58918.28,2827.95,56559.01,3151.90
Fleet vehicle #102,2024-10,3111.00,309.32,56116.61,2827.95,53731.06,3137.27
Fleet vehicle #102,2024-11,3111.00,294.61,53300.22,2827.95,50903.11,3122.56
Fleet vehicle #102,2024-12,3111.00,279.83,50469.04,2827.95,48075.16,3107.78
Fleet vehicle #102,2025-01,3111.00,264.96,47623.01,2827.95,45247.21,3092.91
Fleet vehicle #102,2025-02,3111.00,250.02,44762.03,2827.95,42419.26,3077.97
Fleet vehicle #102,2025-03,3111.00,235.00,41886.03,2827.95,39591.31,3062.95
Fleet vehicle #102,2025-04,3111.00,219.90,38994.93,2827.95,36763.36,3047.85
Fleet vehicle #102,2025-05,3111.00,204.72,36088.65,2827.95,33935.41,3032.67
Fleet vehicle #102,2025-06,3111.00,189.47,33167.12,2827.95,31107.46,3017.42
Fleet vehicle #102,2025-07,3111.00,174.13,30230.25,2827.95,28279.51,3002.08
Fleet vehicle #102,2025-08,3111.00,158.71,27277.95,2827.95,25451.56,2986.66
Fleet vehicle #102,2025-09,3111.00,143.21,24310.16,2827.95,22623.61,2971.16
Fleet vehicle #102,2025-10,3111.00,127.63,21326.79,2827.95,19795.65,2955.58
Fleet vehicle #102,2025-11,3111.00,111.97,18327.76,2827.95,16967.70,2939.92
Fleet vehicle #102,2025-12,3111.00,96.22,15312.98,2827.95,14139.75,2924.17
Fleet vehicle #102,2026-01,3111.00,80.39,12282.37,2827.95,11311.80,2908.34
Fleet vehicle #102,2026-02,3111.00,64.48,9235.85,2827.95,8483.85,2892.43
Fleet vehicle #102,2026-03,3111.00,48.49,6173.34,2827.95,5655.90,2876.44
Fleet vehicle #102,2026-04,3111.00,32.41,3094.75,2827.95,2827.95,2860.36
Fleet vehicle #102,2026-05,3111.00,16.25,0.00,2827.95,-0.00,2844.20
Fleet vehicle #103,2023-02,1784.00,306.50,56903.18,1621.69,56759.00,1928.18
Fleet vehicle #103,2023-03,1784.00,298.74,55417.92,1621.69,55137.31,1920.43
Fleet vehicle #103,2023-04,1784.00,290.94,53924.87,1621.69,53515.63,1912.63
Fleet vehicle #103,2023-05,1784.00,283.11,52423.97,1621.69,51893.94,1904.79
Fleet vehicle #103,2023-06,1784.00,275.23,50915.20,1621.69,50272.25,1896.91
Fleet vehicle #103,2023-07,1784.00,267.30,49398.50,1621.69,48650.57,1888.99
Fleet vehicle #103,2023-08,1784.00,259.34,47873.85,1621.69,47028.88,1881.03
Fleet vehicle #103,2023-09,1784.00,251.34,46341.18,1621.69,45407.20,1873.02
Fleet vehicle #103,2023-10,1784.00,243.29,44800.47,1621.69,43785.51,1864.98
Fleet vehicle #103,2023-11,1784.00,235.20,43251.68,1621.69,42163.83,1856.89
Fleet vehicle #103,2023-12,1784.00,227.07,41694.75,1621.69,40542.14,1848.76
Fleet vehicle #103,2024-01,1784.00,218.90,40129.65,1621.69,38920.45,1840.58
Fleet vehicle #103,2024-02,1784.00,210.68,38556.33,1621.69,37298.77,1832.37
Fleet vehicle #103,2024-03,1784.00,202.42,36974.75,1621.69,35677.08,1824.11
Fleet vehicle #103,2024-04,1784.00,194.12,35384.86,1621.69,34055.40,1815.80
Fleet vehicle #103,2024-05,1784.00,185.77,33786.63,1621.69,32433.71,1807.46
Fleet vehicle #103,2024-06,1784.00,177.38,32180.01,1621.69,30812.03,1799.07
Fleet vehicle #103,2024-07,1784.00,168.95,30564.96,1621.69,29190.34,1790.63
Fleet vehicle #103,2024-08,1784.00,160.47,28941.43,1621.69,27568.66,1782.15
Fleet vehicle #103,2024-09,1784.00,151.94,27309.37,1621.69,25946.97,1773.63
Fleet vehicle #103,2024-10,1784.00,143.37,25668.74,1621.69,24325.28,1765.06
Fleet vehicle #103,2024-11,1784.00,134.76,24019.50,1621.69,22703.60,1756.45
Fleet vehicle #103,2024-12,1784.00,126.10,22361.61,1621.69,21081.91,1747.79
Fleet vehicle #103,2025-01,1784.00,117.40,20695.00,1621.69,19460.23,1739.08
Fleet vehicle #103,2025-02,1784.00,108.65,19019.65,1621.69,17838.54,1730.33
Fleet vehicle #103,2025-03,1784.00,99.85,17335.51,1621.69,16216.86,1721.54
Fleet vehicle #103,2025-04,1784.00,91.01,15642.52,1621.69,14595.17,1712.70
Fleet vehicle #103,2025-05,1784.00,82.12,13940.64,1621.69,12973.48,1703.81
Fleet vehicle #103,2025-06,1784.00,73.19,12229.83,1621.69,11351.80,1694.87
Fleet vehicle #103,2025-07,1784.00,64.21,10510.04,1621.69,9730.11,1685.89
Fleet vehicle #103,2025-08,1784.00,55.18,8781.21,1621.69,8108.43,1676.86
Fleet vehicle #103,2025-09,1784.00,46.10,7043.31,1621.69,6486.74,1667.79
Fleet vehicle #103,2025-10,1784.00,36.98,5296.29,1621.69,4865.06,1658.66
Fleet vehicle #103,2025-11,1784.00,27.81,3540.10,1621.69,3243.37,1649.49
Fleet vehicle #103,2025-12,1784.00,18.59,1774.68,1621.69,1621.69,1640.27
Fleet vehicle #103,2026-01,1784.00,9.32,0.00,1621.69,0.00,1631.00
Fleet vehicle #104,2025-12,3480.00,623.56,110518.78,3149.31,110225.90,3772.88
Fleet vehicle #104,2026-01,3480.00,607.85,107646.63,3149.31,107076.59,3757.16
Fleet vehicle #104,2026-02,3480.00,592.06,104758.69,3149.31,103927.28,3741.37
Fleet vehicle #104,2026-03,3480.00,576.17,101854.86,3149.31,100777.97,3725.48
Fleet vehicle #104,2026-04,3480.00,560.20,98935.06,3149.31,97628.66,3709.51
Fleet vehicle #104,2026-05,3480.00,544.14,95999.21,3149.31,94479.35,3693.45
Fleet vehicle #104,2026-06,3480.00,528.00,93047.20,3149.31,91330.03,3677.31
Fleet vehicle #104,2026-07,3480.00,511.76,90078.96,3149.31,88180.72,3661.07
Fleet vehicle #104,2026-08,3480.00,495.43,87094.40,3149.31,85031.41,3644.75
Fleet vehicle #104,2026-09,3480.00,479.02,84093.41,3149.31,81882.10,3628.33
Fleet vehicle #104,2026-10,3480.00,462.51,81075.93,3149.31,78732.79,3611.83
Fleet vehicle #104,2026-11,3480.00,445.92,78041.85,3149.31,75583.48,3595.23
Fleet vehicle #104,2026-12,3480.00,429.23,74991.08,3149.31,72434.16,3578.54
Fleet vehicle #104,2027-01,3480.00,412.45,71923.53,3149.31,69284.85,3561.76
Fleet vehicle #104,2027-02,3480.00,395.58,68839.11,3149.31,66135.54,3544.89
Fleet vehicle #104,2027-03,3480.00,378.62,65737.72,3149.31,62986.23,3527.93
Fleet vehicle #104,2027-04,3480.00,361.56,62619.28,3149.31,59836.92,3510.87
Fleet vehicle #104,2027-05,3480.00,344.41,59483.68,3149.31,56687.61,3493.72
Fleet vehicle #104,2027-06,3480.00,327.16,56330.84,3149.31,53538.30,3476.47
Fleet vehicle #104,2027-07,3480.00,309.82,53160.66,3149.31,50388.98,3459.13
Fleet vehicle #104,2027-08,3480.00,292.38,49973.05,3149.31,47239.67,3441.70
Fleet vehicle #104,2027-09,3480.00,274.85,46767.90,3149.31,44090.36,3424.16
Fleet vehicle #104,2027-10,3480.00,257.22,43545.12,3149.31,40941.05,3406.53
Fleet vehicle #104,2027-11,3480.00,239.50,40304.62,3149.31,37791.74,3388.81
Fleet vehicle #104,2027-12,3480.00,221.68,37046.30,3149.31,34642.43,3370.99
Fleet vehicle #104,2028-01,3480.00,203.75,33770.05,3149.31,31493.12,3353.07
Fleet vehicle #104,2028-02,3480.00,185.74,30475.79,3149.31,28343.80,3335.05
Fleet vehicle #104,2028-03,3480.00,167.62,27163.40,3149.31,25194.49,3316.93
Fleet vehicle #104,2028-04,3480.00,149.40,23832.80,3149.31,22045.18,3298.71
Fleet vehicle #104,2028-05,3480.00,131.08,20483.88,3149.31,18895.87,3280.39
Fleet vehicle #104,2028-06,3480.00,112.66,17116.54,3149.31,15746.56,3261.97
Fleet vehicle #104,2028-07,3480.00,94.14,13730.69,3149.31,12597.25,3243.45
Fleet vehicle #104,2028-08,3480.00,75.52,10326.20,3149.31,9447.93,3224.83
Fleet vehicle #104,2028-09,3480.00,56.79,6903.00,3149.31,6298.62,3206.11
Fleet vehicle #104,2028-10,3480.00,37.97,3460.96,3149.31,3149.31,3187.28
Fleet vehicle #104,2028-11,3480.00,19.04,-0.00,3149.31,0.00,3168.35
Fleet vehicle #105,2024-05,2613.00,620.75,107551.12,2282.15,107261.23,2902.90
Fleet vehicle #105,2024-06,2613.00,609.46,105547.58,2282.15,104979.07,2891.61
Fleet vehicle #105,2024-07,2613.00,598.10,103532.68,2282.15,102696.92,2880.26
Fleet vehicle #105,2024-08,2613.00,586.69,101506.37,2282.15,100414.76,2868.84
Fleet vehicle #105,2024-09,2613.00,575.20,99468.57,2282.15,98132.61,2857.36
Fleet vehicle #105,2024-10,2613.00,563.66,97419.23,2282.15,95850.46,2845.81
Fleet vehicle #105,2024-11,2613.00,552.04,95358.27,2282.15,93568.30,2834.20
Fleet vehicle #105,2024-12,2613.00,540.36,93285.63,2282.15,91286.15,2822.52
Fleet vehicle #105,2025-01,2613.00,528.62,91201.25,2282.15,89004.00,2810.77
Fleet vehicle #105,2025-02,2613.00,516.81,89105.06,2282.15,86721.84,2798.96
Fleet vehicle #105,2025-03,2613.00,504.93,86996.99,2282.15,84439.69,2787.08
Fleet vehicle #105,2025-04,2613.00,492.98,84876.97,2282.15,82157.53,2775.14
Fleet vehicle #105,2025-05,2613.00,480.97,82744.94,2282.15,79875.38,2763.12
Fleet vehicle #105,2025-06,2613.00,468.89,80600.83,2282.15,77593.23,2751.04
Fleet vehicle #105,2025-07,2613.00,456.74,78444.57,2282.15,75311.07,2738.89
Fleet vehicle #105,2025-08,2613.00,444.52,76276.09,2282.15,73028.92,2726.67
Fleet vehicle #105,2025-09,2613.00,432.23,74095.32,2282.15,70746.77,2714.38
Fleet vehicle #105,2025-10,2613.00,419.87,71902.19,2282.15,68464.61,2702.03
Fleet vehicle #105,2025-11,2613.00,407.45,69696.64,2282.15,66182.46,2689.60
Fleet vehicle #105,2025-12,2613.00,394.95,67478.58,2282.15,63900.30,2677.10
Fleet vehicle #105,2026-01,2613.00,382.38,65247.96,2282.15,61618.15,2664.53
Fleet vehicle #105,2026-02,2613.00,369.74,63004.70,2282.15,59336.00,2651.89
Fleet vehicle #105,2026-03,2613.00,357.03,60748.73,2282.15,57053.84,2639.18
Fleet vehicle #105,2026-04,2613.00,344.24,58479.97,2282.15,54771.69,2626.40
Fleet vehicle #105,2026-05,2613.00,331.39,56198.36,2282.15,52489.54,2613.54
Fleet vehicle #105,2026-06,2613.00,318.46,53903.81,2282.15,50207.38,2600.61
Fleet vehicle #105,2026-07,2613.00,305.45,51596.27,2282.15,47925.23,2587.61
Fleet vehicle #105,2026-08,2613.00,292.38,49275.65,2282.15,45643.07,2574.53
Fleet vehicle #105,2026-09,2613.00,279.23,46941.88,2282.15,43360.92,2561.38
Fleet vehicle #105,2026-10,2613.00,266.00,44594.88,2282.15,41078.77,2548.16
Fleet vehicle #105,2026-11,2613.00,252.70,42234.58,2282.15,38796.61,2534.86
Fleet vehicle #105,2026-12,2613.00,239.33,39860.91,2282.15,36514.46,2521.48
Fleet vehicle #105,2027-01,2613.00,225.88,37473.79,2282.15,34232.31,2508.03
Fleet vehicle #105,2027-02,2613.00,212.35,35073.14,2282.15,31950.15,2494.51
Fleet vehicle #105,2027-03,2613.00,198.75,32658.89,2282.15,29668.00,2480.90
Fleet vehicle #105,2027-04,2613.00,185.07,30230.96,2282.15,27385.84,2467.22
Fleet vehicle #105,2027-05,2613.00,171.31,27789.27,2282.15,25103.69,2453.46
Fleet vehicle #105,2027-06,2613.00,157.47,25333.74,2282.15,22821.54,2439.63
Fleet vehicle #105,2027-07,2613.00,143.56,22864.30,2282.15,20539.38,2425.71
Fleet vehicle #105,2027-08,2613.00,129.56,20380.86,2282.15,18257.23,2411.72
Fleet vehicle #105,2027-09,2613.00,115.49,17883.35,2282.15,15975.08,2397.65
Fleet vehicle #105,2027-10,2613.00,101.34,15371.69,2282.15,13692.92,2383.49
Fleet vehicle #105,2027-11,2613.00,87.11,12845.80,2282.15,11410.77,2369.26
Fleet vehicle #105,2027-12,2613.00,72.79,10305.59,2282.15,9128.61,2354.95
Fleet vehicle #105,2028-01,2613.00,58.40,7750.99,2282.15,6846.46,2340.55
Fleet vehicle #105,2028-02,2613.00,43.92,5181.91,2282.15,4564.31,2326.08
Fleet vehicle #105,2028-03,2613.00,29.36,2598.28,2282.15,2282.15,2311.52
Fleet vehicle #105,2028-04,2613.00,14.72,-0.00,2282.15,-0.00,2296.88
Fleet vehicle #106,2023-06,2240.00,497.82,93081.39,1975.49,92848.08,2473.31
Fleet vehicle #106,2023-07,2240.00,488.68,91330.07,1975.49,90872.59,2464.17
Fleet vehicle #106,2023-08,2240.00,479.48,89569.55,1975.49,88897.10,2454.97
Fleet vehicle #106,2023-09,2240.00,470.24,87799.79,1975.49,86921.60,2445.73
Fleet vehicle #106,2023-10,2240.00,460.95,86020.74,1975.49,84946.11,2436.44
Fleet vehicle #106,2023-11,2240.00,451.61,84232.35,1975.49,82970.62,2427.10
Fleet vehicle #106,2023-12,2240.00,442.22,82434.57,1975.49,80995.13,2417.71
Fleet vehicle #106,2024-01,2240.00,432.78,80627.35,1975.49,79019.64,2408.27
Fleet vehicle #106,2024-02,2240.00,423.29,78810.65,1975.49,77044.15,2398.78
Fleet vehicle #106,2024-03,2240.00,413.76,76984.40,1975.49,75068.66,2389.25
Fleet vehicle #106,2024-04,2240.00,404.17,75148.57,1975.49,73093.17,2379.66
Fleet vehicle #106,2024-05,2240.00,394.53,73303.10,1975.49,71117.68,2370.02
Fleet vehicle #106,2024-06,2240.00,384.84,71447.94,1975.49,69142.19,2360.33
Fleet vehicle #106,2024-07,2240.00,375.10,69583.04,1975.49,67166.69,2350.59
Fleet vehicle #106,2024-08,2240.00,365.31,67708.35,1975.49,65191.20,2340.80
Fleet vehicle #106,2024-09,2240.00,355.47,65823.82,1975.49,63215.71,2330.96
Fleet vehicle #106,2024-10,2240.00,345.58,63929.40,1975.49,61240.22,2321.07
Fleet vehicle #106,2024-11,2240.00,335.63,62025.03,1975.49,59264.73,2311.12
Fleet vehicle #106,2024-12,2240.00,325.63,60110.66,1975.49,57289.24,2301.12
Fleet vehicle #106,2025-01,2240.00,315.58,58186.24,1975.49,55313.75,2291.07
Fleet vehicle #106,2025-02,2240.00,305.48,56251.72,1975.49,53338.26,2280.97
Fleet vehicle #106,2025-03,2240.00,295.32,54307.04,1975.49,51362.77,2270.81
Fleet vehicle #106,2025-04,2240.00,285.11,52352.15,1975.49,49387.28,2260.60
Fleet vehicle #106,2025-05,2240.00,274.85,50387.00,1975.49,47411.78,2250.34
Fleet vehicle #106,2025-06,2240.00,264.53,48411.53,1975.49,45436.29,2240.02
Fleet vehicle #106,2025-07,2240.00,254.16,46425.69,1975.49,43460.80,2229.65
Fleet vehicle #106,2025-08,2240.00,243.73,44429.43,1975.49,41485.31,2219.23
Fleet vehicle #106,2025-09,2240.00,233.25,42422.68,1975.49,39509.82,2208.75
Fleet vehicle #106,2025-10,2240.00,222.72,40405.40,1975.49,37534.33,2198.21
Fleet vehicle #106,2025-11,2240.00,212.13,38377.53,1975.49,35558.84,2187.62
Fleet vehicle #106,2025-12,2240.00,201.48,36339.01,1975.49,33583.35,2176.97
Fleet vehicle #106,2026-01,2240.00,190.78,34289.79,1975.49,31607.86,2166.27
Fleet vehicle #106,2026-02,2240.00,180.02,32229.81,1975.49,29632.37,2155.51
Fleet vehicle #106,2026-03,2240.00,169.21,30159.02,1975.49,27656.87,2144.70
Fleet vehicle #106,2026-04,2240.00,158.33,28077.35,1975.49,25681.38,2133.83
Fleet vehicle #106,2026-05,2240.00,147.41,25984.76,1975.49,23705.89,2122.90
Fleet vehicle #106,2026-06,2240.00,136.42,23881.18,1975.49,21730.40,2111.91
Fleet vehicle #106,2026-07,2240.00,125.38,21766.55,1975.49,19754.91,2100.87
Fleet vehicle #106,2026-08,2240.00,114.27,19640.83,1975.49,17779.42,2089.77
Fleet vehicle #106,2026-09,2240.00,103.11,17503.94,1975.49,15803.93,2078.61
Fleet vehicle #106,2026-10,2240.00,91.90,15355.84,1975.49,13828.44,2067.39
Fleet vehicle #106,2026-11,2240.00,80.62,13196.46,1975.49,11852.95,2056.11
Fleet vehicle #106,2026-12,2240.00,69.28,11025.74,1975.49,9877.46,2044.77
Fleet vehicle #106,2027-01,2240.00,57.89,8843.62,1975.49,7901.96,2033.38
Fleet vehicle #106,2027-02,2240.00,46.43,6650.05,1975.49,5926.47,2021.92
Fleet vehicle #106,2027-03,2240.00,34.91,4444.97,1975.49,3950.98,2010.40
Fleet vehicle #106,2027-04,2240.00,23.34,2228.30,1975.49,1975.49,1998.83
Fleet vehicle #106,2027-05,2240.00,11.70,0.00,1975.49,0.00,1987.19
Fleet vehicle #107,2023-07,3465.00,770.07,143985.28,3055.84,143624.37,3825.91
Fleet vehicle #107,2023-08,3465.00,755.92,141276.20,3055.84,140568.53,3811.76
Fleet vehicle #107,2023-09,3465.00,741.70,138552.90,3055.84,137512.69,3797.54
Fleet vehicle #107,2023-10,3465.00,727.40,135815.30,3055.84,134456.86,3783.24
Fleet vehicle #107,2023-11,3465.00,713.03,133063.33,3055.84,131401.02,3768.87
Fleet vehicle #107,2023-12,3465.00,698.58,130296.92,3055.84,128345.18,3754.42
Fleet vehicle #107,2024-01,3465.00,684.06,127515.98,3055.84,125289.34,3739.90
Fleet vehicle #107,2024-02,3465.00,669.46,124720.43,3055.84,122233.51,3725.30
Fleet vehicle #107,2024-03,3465.00,654.78,121910.22,3055.84,119177.67,3710.62
Fleet vehicle #107,2024-04,3465.00,640.03,119085.25,3055.84,116121.83,3695.87
Fleet vehicle #107,2024-05,3465.00,625.20,116245.44,3055.84,113065.99,3681.04
Fleet vehicle #107,2024-06,3465.00,610.29,113390.73,3055.84,110010.16,3666.13
Fleet vehicle #107,2024-07,3465.00,595.30,110521.03,3055.84,106954.32,3651.14
Fleet vehicle #107,2024-08,3465.00,580.24,107636.27,3055.84,103898.48,3636.07
Fleet vehicle #107,2024-09,3465.00,565.09,104736.36,3055.84,100842.64,3620.93
Fleet vehicle #107,2024-10,3465.00,549.87,101821.22,3055.84,97786.80,3605.70
Fleet vehicle #107,2024-11,3465.00,534.56,98890.79,3055.84,94730.97,3590.40
Fleet vehicle #107,2024-12,3465.00,519.18,95944.96,3055.84,91675.13,3575.01
Fleet vehicle #107,2025-01,3465.00,503.71,92983.67,3055.84,88619.29,3559.55
Fleet vehicle #107,2025-02,3465.00,488.16,90006.84,3055.84,85563.45,3544.00
Fleet vehicle #107,2025-03,3465.00,472.54,87014.37,3055.84,82507.62,3528.37
Fleet vehicle #107,2025-04,3465.00,456.83,84006.20,3055.84,79451.78,3512.66
Fleet vehicle #107,2025-05,3465.00,441.03,80982.23,3055.84,76395.94,3496.87
Fleet vehicle #107,2025-06,3465.00,425.16,77942.39,3055.84,73340.10,3480.99
Fleet vehicle #107,2025-07,3465.00,409.20,74886.59,3055.84,70284.27,3465.04
Fleet vehicle #107,2025-08,3465.00,393.15,71814.74,3055.84,67228.43,3448.99
Fleet vehicle #107,2025-09,3465.00,377.03,68726.77,3055.84,64172.59,3432.87
Fleet vehicle #107,2025-10,3465.00,360.82,65622.58,3055.84,61116.75,3416.65
Fleet vehicle #107,2025-11,3465.00,344.52,62502.10,3055.84,58060.92,3400.36
Fleet vehicle #107,2025-12,3465.00,328.14,59365.24,3055.84,55005.08,3383.97
Fleet vehicle #107,2026-01,3465.00,311.67,56211.91,3055.84,51949.24,3367.51
Fleet vehicle #107,2026-02,3465.00,295.11,53042.02,3055.84,48893.40,3350.95
Fleet vehicle #107,2026-03,3465.00,278.47,49855.49,3055.84,45837.56,3334.31
Fleet vehicle #107,2026-04,3465.00,261.74,46652.23,3055.84,42781.73,3317.58
Fleet vehicle #107,2026-05,3465.00,244.92,43432.15,3055.84,39725.89,3300.76
Fleet vehicle #107,2026-06,3465.00,228.02,40195.17,3055.84,36670.05,3283.86
Fleet vehicle #107,2026-07,3465.00,211.02,36941.20,3055.84,33614.21,3266.86
Fleet vehicle #107,2026-08,3465.00,193.94,33670.14,3055.84,30558.38,3249.78
Fleet vehicle #107,2026-09,3465.00,176.77,30381.91,3055.84,27502.54,3232.61
Fleet vehicle #107,2026-10,3465.00,159.51,27076.41,3055.84,24446.70,3215.34
Fleet vehicle #107,2026-11,3465.00,142.15,23753.56,3055.84,21390.86,3197.99
Fleet vehicle #107,2026-12,3465.00,124.71,20413.27,3055.84,18335.03,3180.54
Fleet vehicle #107,2027-01,3465.00,107.17,17055.44,3055.84,15279.19,3163.01
Fleet vehicle #107,2027-02,3465.00,89.54,13679.98,3055.84,12223.35,3145.38
Fleet vehicle #107,2027-03,3465.00,71.82,10286.80,3055.84,9167.51,3127.66
Fleet vehicle #107,2027-04,3465.00,54.01,6875.81,3055.84,6111.68,3109.84
Fleet vehicle #107,2027-05,3465.00,36.10,3446.90,3055.84,3055.84,3091.94
Fleet vehicle #107,2027-06,3465.00,18.10,0.00,3055.84,0.00,3073.93
Fleet vehicle #108,2023-12,2494.00,428.48,79549.63,2267.09,79348.06,2695.57
Fleet vehicle #108,2024-01,2494.00,417.64,77473.26,2267.09,77080.97,2684.72
Fleet vehicle #108,2024-02,2494.00,406.73,75386.00,2267.09,74813.88,2673.82
Fleet vehicle #108,2024-03,2494.00,395.78,73287.77,2267.09,72546.80,2662.86
Fleet vehicle #108,2024-04,2494.00,384.76,71178.53,2267.09,70279.71,2651.85
Fleet vehicle #108,2024-05,2494.00,373.69,69058.22,2267.09,68012.62,2640.77
Fleet vehicle #108,2024-06,2494.00,362.56,66926.78,2267.09,65745.53,2629.64
Fleet vehicle #108,2024-07,2494.00,351.37,64784.14,2267.09,63478.45,2618.45
Fleet vehicle #108,2024-08,2494.00,340.12,62630.26,2267.09,61211.36,2607.20
Fleet vehicle #108,2024-09,2494.00,328.81,60465.07,2267.09,58944.27,2595.90
Fleet vehicle #108,2024-10,2494.00,317.44,58288.51,2267.09,56677.19,2584.53
Fleet vehicle #108,2024-11,2494.00,306.01,56100.52,2267.09,54410.10,2573.10
Fleet vehicle #108,2024-12,2494.00,294.53,53901.05,2267.09,52143.01,2561.62
Fleet vehicle #108,2025-01,2494.00,282.98,51690.03,2267.09,49875.92,2550.07
Fleet vehicle #108,2025-02,2494.00,271.37,49467.41,2267.09,47608.84,2538.46
Fleet vehicle #108,2025-03,2494.00,259.70,47233.11,2267.09,45341.75,2526.79
Fleet vehicle #108,2025-04,2494.00,247.97,44987.08,2267.09,43074.66,2515.06
Fleet vehicle #108,2025-05,2494.00,236.18,42729.27,2267.09,40807.57,2503.27
Fleet vehicle #108,2025-06,2494.00,224.33,40459.59,2267.09,38540.49,2491.42
Fleet vehicle #108,2025-07,2494.00,212.41,38178.01,2267.09,36273.40,2479.50
Fleet vehicle #108,2025-08,2494.00,200.43,35884.44,2267.09,34006.31,2467.52
Fleet vehicle #108,2025-09,2494.00,188.39,33578.83,2267.09,31739.22,2455.48
Fleet vehicle #108,2025-10,2494.00,176.29,31261.12,2267.09,29472.14,2443.38
Fleet vehicle #108,2025-11,2494.00,164.12,28931.24,2267.09,27205.05,2431.21
Fleet vehicle #108,2025-12,2494.00,151.89,26589.13,2267.09,24937.96,2418.98
Fleet vehicle #108,2026-01,2494.00,139.59,24234.73,2267.09,22670.87,2406.68
Fleet vehicle #108,2026-02,2494.00,127.23,21867.96,2267.09,20403.79,2394.32
Fleet vehicle #108,2026-03,2494.00,114.81,19488.77,2267.09,18136.70,2381.89
Fleet vehicle #108,2026-04,2494.00,102.32,17097.08,2267.09,15869.61,2369.40
Fleet vehicle #108,2026-05,2494.00,89.76,14692.84,2267.09,13602.52,2356.85
Fleet vehicle #108,2026-06,2494.00,77.14,12275.98,2267.09,11335.44,2344.22
Fleet vehicle #108,2026-07,2494.00,64.45,9846.43,2267.09,9068.35,2331.54
Fleet vehicle #108,2026-08,2494.00,51.69,7404.12,2267.09,6801.26,2318.78
Fleet vehicle #108,2026-09,2494.00,38.87,4948.99,2267.09,4534.17,2305.96
Fleet vehicle #108,2026-10,2494.00,25.98,2480.97,2267.09,2267.09,2293.07
Fleet vehicle #108,2026-11,2494.00,13.03,0.00,2267.09,-0.00,2280.11
Fleet vehicle #109,2024-11,3703.00,681.60,117261.58,3341.19,116941.78,4022.80
Fleet vehicle #109,2024-12,3703.00,664.48,114223.06,3341.19,113600.59,4005.68
Fleet vehicle #109,2025-01,3703.00,647.26,111167.33,3341.19,110259.40,3988.46
Fleet vehicle #109,2025-02,3703.00,629.95,108094.28,3341.19,106918.20,3971.14
Fleet vehicle #109,2025-03,3703.00,612.53,105003.81,3341.19,103577.01,3953.73
Fleet vehicle #109,2025-04,3703.00,595.02,101895.83,3341.19,100235.82,3936.22
Fleet vehicle #109,2025-05,3703.00,577.41,98770.24,3341.19,96894.62,3918.60
Fleet vehicle #109,2025-06,3703.00,559.70,95626.94,3341.19,93553.43,3900.89
Fleet vehicle #109,2025-07,3703.00,541.89,92465.83,3341.19,90212.23,3883.08
Fleet vehicle #109,2025-08,3703.00,523.97,89286.80,3341.19,86871.04,3865.17
Fleet vehicle #109,2025-09,3703.00,505.96,86089.76,3341.19,83529.85,3847.15
Fleet vehicle #109,2025-10,3703.00,487.84,82874.60,3341.19,80188.65,3829.04
Fleet vehicle #109,2025-11,3703.00,469.62,79641.22,3341.19,76847.46,3810.82
Fleet vehicle #109,2025-12,3703.00,451.30,76389.52,3341.19,73506.26,3792.49
Fleet vehicle #109,2026-01,3703.00,432.87,73119.40,3341.19,70165.07,3774.07
Fleet vehicle #109,2026-02,3703.00,414.34,69830.74,3341.19,66823.88,3755.54
Fleet vehicle #109,2026-03,3703.00,395.71,66523.45,3341.19,63482.68,3736.90
Fleet vehicle #109,2026-04,3703.00,376.97,63197.41,3341.19,60141.49,3718.16
Fleet vehicle #109,2026-05,3703.00,358.12,59852.53,3341.19,56800.30,3699.31
Fleet vehicle #109,2026-06,3703.00,339.16,56488.70,3341.19,53459.10,3680.36
Fleet vehicle #109,2026-07,3703.00,320.10,53105.80,3341.19,50117.91,3661.30
Fleet vehicle #109,2026-08,3703.00,300.93,49703.73,3341.19,46776.71,3642.13
Fleet vehicle #109,2026-09,3703.00,281.65,46282.39,3341.19,43435.52,3622.85
Fleet vehicle #109,2026-10,3703.00,262.27,42841.65,3341.19,40094.33,3603.46
Fleet vehicle #109,2026-11,3703.00,242.77,39381.42,3341.19,36753.13,3583.96
Fleet vehicle #109,2026-12,3703.00,223.16,35901.58,3341.19,33411.94,3564.36
Fleet vehicle #109,2027-01,3703.00,203.44,32402.03,3341.19,30070.74,3544.64
Fleet vehicle #109,2027-02,3703.00,183.61,28882.64,3341.19,26729.55,3524.81
Fleet vehicle #109,2027-03,3703.00,163.67,25343.31,3341.19,23388.36,3504.86
Fleet vehicle #109,2027-04,3703.00,143.61,21783.92,3341.19,20047.16,3484.81
Fleet vehicle #109,2027-05,3703.00,123.44,18204.36,3341.19,16705.97,3464.64
Fleet vehicle #109,2027-06,3703.00,103.16,14604.52,3341.19,13364.78,3444.35
Fleet vehicle #109,2027-07,3703.00,82.76,10984.28,3341.19,10023.58,3423.95
Fleet vehicle #109,2027-08,3703.00,62.24,7343.52,3341.19,6682.39,3403.44
Fleet vehicle #109,2027-09,3703.00,41.61,3682.13,3341.19,3341.19,3382.81
Fleet vehicle #109,2027-10,3703.00,20.87,-0.00,3341.19,0.00,3362.06
Lab equipment #201,2023-11,4555.00,513.87,98732.72,4282.24,98491.61,4796.11
Lab equipment #201,2023-12,4555.00,493.66,94671.39,4282.24,94209.37,4775.91
Lab equipment #201,2024-01,4555.00,473.36,90589.75,4282.24,89927.12,4755.60
Lab equipment #201,2024-02,4555.00,452.95,86487.69,4282.24,85644.88,4735.19
Lab equipment #201,2024-03,4555.00,432.44,82365.13,4282.24,81362.64,4714.68
Lab equipment #201,2024-04,4555.00,411.83,78221.96,4282.24,77080.39,4694.07
Lab equipment #201,2024-05,4555.00,391.11,74058.07,4282.24,72798.15,4673.35
Lab equipment #201,2024-06,4555.00,370.29,69873.36,4282.24,68515.90,4652.53
Lab equipment #201,2024-07,4555.00,349.37,65667.73,4282.24,64233.66,4631.61
Lab equipment #201,2024-08,4555.00,328.34,61441.06,4282.24,59951.42,4610.58
Lab equipment #201,2024-09,4555.00,307.21,57193.27,4282.24,55669.17,4589.45
Lab equipment #201,2024-10,4555.00,285.97,52924.24,4282.24,51386.93,4568.21
Lab equipment #201,2024-11,4555.00,264.62,48633.86,4282.24,47104.68,4546.87
Lab equipment #201,2024-12,4555.00,243.17,44322.03,4282.24,42822.44,4525.41
Lab equipment #201,2025-01,4555.00,221.61,39988.64,4282.24,38540.20,4503.85
Lab equipment #201,2025-02,4555.00,199.94,35633.58,4282.24,34257.95,4482.19
Lab equipment #201,2025-03,4555.00,178.17,31256.75,4282.24,29975.71,4460.41
Lab equipment #201,2025-04,4555.00,156.28,26858.03,4282.24,25693.46,4438.53
Lab equipment #201,2025-05,4555.00,134.29,22437.32,4282.24,21411.22,4416.53
Lab equipment #201,2025-06,4555.00,112.19,17994.51,4282.24,17128.98,4394.43
Lab equipment #201,2025-07,4555.00,89.97,13529.48,4282.24,12846.73,4372.22
Lab equipment #201,2025-08,4555.00,67.65,9042.13,4282.24,8564.49,4349.89
Lab equipment #201,2025-09,4555.00,45.21,4532.34,4282.24,4282.24,4327.45
Lab equipment #201,2025-10,4555.00,22.66,0.00,4282.24,0.00,4304.91
Lab equipment #202,2024-06,8869.00,1078.44,191305.88,8295.68,190800.75,9374.12
Lab equipment #202,2024-07,8869.00,1036.24,183473.12,8295.68,182505.07,9331.93
Lab equipment #202,2024-08,8869.00,993.81,175597.93,8295.68,174209.38,9289.50
Lab equipment #202,2024-09,8869.00,951.16,167680.09,8295.68,165913.70,9246.84
Lab equipment #202,2024-10,8869.00,908.27,159719.35,8295.68,157618.01,9203.95
Lab equipment #202,2024-11,8869.00,865.15,151715.50,8295.68,149322.33,9160.83
Lab equipment #202,2024-12,8869.00,821.79,143668.29,8295.68,141026.64,9117.48
Lab equipment #202,2025-01,8869.00,778.20,135577.49,8295.68,132730.96,9073.89
Lab equipment #202,2025-02,8869.00,734.38,127442.87,8295.68,124435.27,9030.06
Lab equipment #202,2025-03,8869.00,690.32,119264.19,8295.68,116139.59,8986.00
Lab equipment #202,2025-04,8869.00,646.01,111041.20,8295.68,107843.90,8941.70
Lab equipment #202,2025-05,8869.00,601.47,102773.68,8295.68,99548.22,8897.16
Lab equipment #202,2025-06,8869.00,556.69,94461.37,8295.68,91252.53,8852.38
Lab equipment #202,2025-07,8869.00,511.67,86104.03,8295.68,82956.85,8807.35
Lab equipment #202,2025-08,8869.00,466.40,77701.43,8295.68,74661.16,8762.08
Lab equipment #202,2025-09,8869.00,420.88,69253.31,8295.68,66365.48,8716.57
Lab equipment #202,2025-10,8869.00,375.12,60759.43,8295.68,58069.79,8670.81
Lab equipment #202,2025-11,8869.00,329.11,52219.55,8295.68,49774.11,8624.80
Lab equipment #202,2025-12,8869.00,282.86,43633.40,8295.68,41478.42,8578.54
Lab equipment #202,2026-01,8869.00,236.35,35000.75,8295.68,33182.74,8532.03
Lab equipment #202,2026-02,8869.00,189.59,26321.34,8295.68,24887.05,8485.27
Lab equipment #202,2026-03,8869.00,142.57,17594.91,8295.68,16591.37,8438.26
Lab equipment #202,2026-04,8869.00,95.31,8821.22,8295.68,8295.68,8390.99
Lab equipment #202,2026-05,8869.00,47.78,0.00,8295.68,-0.00,8343.47
Lab equipment #203,2024-03,4191.00,509.61,90400.60,3920.08,90161.91,4429.69
Lab equipment #203,2024-04,4191.00,489.67,86699.27,3920.08,86241.82,4409.75
Lab equipment #203,2024-05,4191.00,469.62,82977.89,3920.08,82321.74,4389.70
Lab equipment #203,2024-06,4191.00,449.46,79236.36,3920.08,78401.66,4369.55
Lab equipment #203,2024-07,4191.00,429.20,75474.55,3920.08,74481.58,4349.28
Lab equipment #203,2024-08,4191.00,408.82,71692.37,3920.08,70561.49,4328.90
Lab equipment #203,2024-09,4191.00,388.33,67889.71,3920.08,66641.41,4308.42
Lab equipment #203,2024-10,4191.00,367.74,64066.44,3920.08,62721.33,4287.82
Lab equipment #203,2024-11,4191.00,347.03,60222.47,3920.08,58801.24,4267.11
Lab equipment #203,2024-12,4191.00,326.21,56357.67,3920.08,54881.16,4246.29
Lab equipment #203,2025-01,4191.00,305.27,52471.95,3920.08,50961.08,4225.35
Lab equipment #203,2025-02,4191.00,284.22,48565.17,3920.08,47041.00,4204.31
Lab equipment #203,2025-03,4191.00,263.06,44637.23,3920.08,43120.91,4183.14
Lab equipment #203,2025-04,4191.00,241.78,40688.01,3920.08,39200.83,4161.87
Lab equipment #203,2025-05,4191.00,220.39,36717.41,3920.08,35280.75,4140.48
Lab equipment #203,2025-06,4191.00,198.89,32725.29,3920.08,31360.66,4118.97
Lab equipment #203,2025-07,4191.00,177.26,28711.56,3920.08,27440.58,4097.34
Lab equipment #203,2025-08,4191.00,155.52,24676.08,3920.08,23520.50,4075.60
Lab equipment #203,2025-09,4191.00,133.66,20618.74,3920.08,19600.41,4053.75
Lab equipment #203,2025-10,4191.00,111.68,16539.42,3920.08,15680.33,4031.77
Lab equipment #203,2025-11,4191.00,89.59,12438.01,3920.08,11760.25,4009.67
Lab equipment #203,2025-12,4191.00,67.37,8314.38,3920.08,7840.17,3987.46
Lab equipment #203,2026-01,4191.00,45.04,4168.42,3920.08,3920.08,3965.12
Lab equipment #203,2026-02,4191.00,22.58,0.00,3920.08,0.00,3942.66
Lab equipment #204,2024-07,8095.00,984.32,174610.56,7571.72,174149.52,8556.04
Lab equipment #204,2024-08,8095.00,945.81,167461.37,7571.72,166577.80,8517.53
Lab equipment #204,2024-09,8095.00,907.08,160273.45,7571.72,159006.08,8478.80
Lab equipment #204,2024-10,8095.00,868.15,153046.60,7571.72,151434.37,8439.87
Lab equipment #204,2024-11,8095.00,829.00,145780.60,7571.72,143862.65,8400.72
Lab equipment #204,2024-12,8095.00,789.64,138475.25,7571.72,136290.93,8361.36
Lab equipment #204,2025-01,8095.00,750.07,131130.32,7571.72,128719.21,8321.79
Lab equipment #204,2025-02,8095.00,710.29,123745.61,7571.72,121147.49,8282.01
Lab equipment #204,2025-03,8095.00,670.29,116320.90,7571.72,113575.77,8242.01
Lab equipment #204,2025-04,8095.00,630.07,108855.97,7571.72,106004.06,8201.79
Lab equipment #204,2025-05,8095.00,589.64,101350.61,7571.72,98432.34,8161.35
Lab equipment #204,2025-06,8095.00,548.98,93804.59,7571.72,90860.62,8120.70
Lab equipment #204,2025-07,8095.00,508.11,86217.70,7571.72,83288.90,8079.83
Lab equipment #204,2025-08,8095.00,467.01,78589.71,7571.72,75717.18,8038.73
Lab equipment #204,2025-09,8095.00,425.69,70920.40,7571.72,68145.46,7997.41
Lab equipment #204,2025-10,8095.00,384.15,63209.56,7571.72,60573.75,7955.87
Lab equipment #204,2025-11,8095.00,342.39,55456.94,7571.72,53002.03,7914.10
Lab equipment #204,2025-12,8095.00,300.39,47662.33,7571.72,45430.31,7872.11
Lab equipment #204,2026-01,8095.00,258.17,39825.50,7571.72,37858.59,7829.89
Lab equipment #204,2026-02,8095.00,215.72,31946.23,7571.72,30286.87,7787.44
Lab equipment #204,2026-03,8095.00,173.04,24024.27,7571.72,22715.15,7744.76
Lab equipment #204,2026-04,8095.00,130.13,16059.40,7571.72,15143.44,7701.85
Lab equipment #204,2026-05,8095.00,86.99,8051.39,7571.72,7571.72,7658.71
Lab equipment #204,2026-06,8095.00,43.61,0.00,7571.72,0.00,7615.33
Lab equipment #205,2022-12,4867.00,1074.61,254113.38,4298.43,253607.34,5373.04
Lab equipment #205,2023-01,4867.00,1058.81,250305.18,4298.43,249308.91,5357.24
Lab equipment #205,2023-02,4867.00,1042.94,246481.12,4298.43,245010.48,5341.37
Lab equipment #205,2023-03,4867.00,1027.00,242641.12,4298.43,240712.05,5325.43
Lab equipment #205,2023-04,4867.00,1011.00,238785.13,4298.43,236413.62,5309.43
Lab equipment #205,2023-05,4867.00,994.94,234913.07,4298.43,232115.19,5293.37
Lab equipment #205,2023-06,4867.00,978.80,231024.87,4298.43,227816.76,5277.23
Lab equipment #205,2023-07,4867.00,962.60,227120.47,4298.43,223518.33,5261.03
Lab equipment #205,2023-08,4867.00,946.34,223199.81,4298.43,219219.90,5244.76
Lab equipment #205,2023-09,4867.00,930.00,219262.81,4298.43,214921.47,5228.43
Lab equipment #205,2023-10,4867.00,913.60,215309.40,4298.43,210623.04,5212.02
Lab equipment #205,2023-11,4867.00,897.12,211339.53,4298.43,206324.61,5195.55
Lab equipment #205,2023-12,4867.00,880.58,207353.11,4298.43,202026.18,5179.01
Lab equipment #205,2024-01,4867.00,863.97,203350.08,4298.43,197727.76,5162.40
Lab equipment #205,2024-02,4867.00,847.29,199330.37,4298.43,193429.33,5145.72
Lab equipment #205,2024-03,4867.00,830.54,195293.91,4298.43,189130.90,5128.97
Lab equipment #205,2024-04,4867.00,813.72,191240.64,4298.43,184832.47,5112.15
Lab equipment #205,2024-05,4867.00,796.84,187170.48,4298.43,180534.04,5095.27
Lab equipment #205,2024-06,4867.00,779.88,183083.35,4298.43,176235.61,5078.31
Lab equipment #205,2024-07,4867.00,762.85,178979.20,4298.43,171937.18,5061.28
Lab equipment #205,2024-08,4867.00,745.75,174857.95,4298.43,167638.75,5044.18
Lab equipment #205,2024-09,4867.00,728.57,170719.52,4298.43,163340.32,5027.00
Lab equipment #205,2024-10,4867.00,711.33,166563.85,4298.43,159041.89,5009.76
Lab equipment #205,2024-11,4867.00,694.02,162390.87,4298.43,154743.46,4992.45
Lab equipment #205,2024-12,4867.00,676.63,158200.50,4298.43,150445.03,4975.06
Lab equipment #205,2025-01,4867.00,659.17,153992.67,4298.43,146146.60,4957.60
Lab equipment #205,2025-02,4867.00,641.64,149767.30,4298.43,141848.17,4940.07
Lab equipment #205,2025-03,4867.00,624.03,145524.33,4298.43,137549.74,4922.46
Lab equipment #205,2025-04,4867.00,606.35,141263.68,4298.43,133251.31,4904.78
Lab equipment #205,2025-05,4867.00,588.60,136985.28,4298.43,128952.88,4887.03
Lab equipment #205,2025-06,4867.00,570.77,132689.05,4298.43,124654.45,4869.20
Lab equipment #205,2025-07,4867.00,552.87,128374.93,4298.43,120356.02,4851.30
Lab equipment #205,2025-08,4867.00,534.90,124042.82,4298.43,116057.60,4833.32
Lab equipment #205,2025-09,4867.00,516.85,119692.67,4298.43,111759.17,4815.27
Lab equipment #205,2025-10,4867.00,498.72,115324.39,4298.43,107460.74,4797.15
Lab equipment #205,2025-11,4867.00,480.52,110937.90,4298.43,103162.31,4778.95
Lab equipment #205,2025-12,4867.00,462.24,106533.14,4298.43,98863.88,4760.67
Lab equipment #205,2026-01,4867.00,443.89,102110.03,4298.43,94565.45,4742.32
Lab equipment #205,2026-02,4867.00,425.46,97668.49,4298.43,90267.02,4723.89
Lab equipment #205,2026-03,4867.00,406.95,93208.44,4298.43,85968.59,4705.38
Lab equipment #205,2026-04,4867.00,388.37,88729.81,4298.43,81670.16,4686.80
Lab equipment #205,2026-05,4867.00,369.71,84232.52,4298.43,77371.73,4668.14
Lab equipment #205,2026-06,4867.00,350.97,79716.49,4298.43,73073.30,4649.40
Lab equipment #205,2026-07,4867.00,332.15,75181.64,4298.43,68774.87,4630.58
Lab equipment #205,2026-08,4867.00,313.26,70627.90,4298.43,64476.44,4611.69
Lab equipment #205,2026-09,4867.00,294.28,66055.18,4298.43,60178.01,4592.71
Lab equipment #205,2026-10,4867.00,275.23,61463.41,4298.43,55879.58,4573.66
Lab equipment #205,2026-11,4867.00,256.10,56852.51,4298.43,51581.15,4554.53
Lab equipment #205,2026-12,4867.00,236.89,52222.39,4298.43,47282.72,4535.31
Lab equipment #205,2027-01,4867.00,217.59,47572.99,4298.43,42984.29,4516.02
Lab equipment #205,2027-02,4867.00,198.22,42904.21,4298.43,38685.87,4496.65
Lab equipment #205,2027-03,4867.00,178.77,38215.97,4298.43,34387.44,4477.20
Lab equipment #205,2027-04,4867.00,159.23,33508.21,4298.43,30089.01,4457.66
Lab equipment #205,2027-05,4867.00,139.62,28780.83,4298.43,25790.58,4438.05
Lab equipment #205,2027-06,4867.00,119.92,24033.75,4298.43,21492.15,4418.35
Lab equipment #205,2027-07,4867.00,100.14,19266.89,4298.43,17193.72,4398.57
Lab equipment #205,2027-08,4867.00,80.28,14480.16,4298.43,12895.29,4378.71
Lab equipment #205,2027-09,4867.00,60.33,9673.50,4298.43,8596.86,4358.76
Lab equipment #205,2027-10,4867.00,40.31,4846.80,4298.43,4298.43,4338.74
Lab equipment #205,2027-11,4867.00,20.20,0.00,4298.43,-0.00,4318.62
Lab equipment #206,2022-05,4596.00,638.95,149391.72,4259.69,149089.08,4898.64
Lab equipment #206,2022-06,4596.00,622.47,145418.18,4259.69,144829.39,4882.15
Lab equipment #206,2022-07,4596.00,605.91,141428.09,4259.69,140569.70,4865.60
Lab equipment #206,2022-08,4596.00,589.28,137421.37,4259.69,136310.01,4848.97
Lab equipment #206,2022-09,4596.00,572.59,133397.96,4259.69,132050.32,4832.28
Lab equipment #206,2022-10,4596.00,555.82,129357.79,4259.69,127790.64,4815.51
Lab equipment #206,2022-11,4596.00,538.99,125300.78,4259.69,123530.95,4798.68
Lab equipment #206,2022-12,4596.00,522.09,121226.87,4259.69,119271.26,4781.77
Lab equipment #206,2023-01,4596.00,505.11,117135.98,4259.69,115011.57,4764.80
Lab equipment #206,2023-02,4596.00,488.07,113028.04,4259.69,110751.88,4747.75
Lab equipment #206,2023-03,4596.00,470.95,108902.99,4259.69,106492.20,4730.64
Lab equipment #206,2023-04,4596.00,453.76,104760.76,4259.69,102232.51,4713.45
Lab equipment #206,2023-05,4596.00,436.50,100601.26,4259.69,97972.82,4696.19
Lab equipment #206,2023-06,4596.00,419.17,96424.43,4259.69,93713.13,4678.86
Lab equipment #206,2023-07,4596.00,401.77,92230.20,4259.69,89453.45,4661.46
Lab equipment #206,2023-08,4596.00,384.29,88018.49,4259.69,85193.76,4643.98
Lab equipment #206,2023-09,4596.00,366.74,83789.24,4259.69,80934.07,4626.43
Lab equipment #206,2023-10,4596.00,349.12,79542.36,4259.69,76674.38,4608.81
Lab equipment #206,2023-11,4596.00,331.43,75277.79,4259.69,72414.69,4591.11
Lab equipment #206,2023-12,4596.00,313.66,70995.44,4259.69,68155.01,4573.35
Lab equipment #206,2024-01,4596.00,295.81,66695.26,4259.69,63895.32,4555.50
Lab equipment #206,2024-02,4596.00,277.90,62377.15,4259.69,59635.63,4537.58
Lab equipment #206,2024-03,4596.00,259.90,58041.06,4259.69,55375.94,4519.59
Lab equipment #206,2024-04,4596.00,241.84,53686.90,4259.69,51116.25,4501.53
Lab equipment #206,2024-05,4596.00,223.70,49314.59,4259.69,46856.57,4483.38
Lab equipment #206,2024-06,4596.00,205.48,44924.07,4259.69,42596.88,4465.17
Lab equipment #206,2024-07,4596.00,187.18,40515.25,4259.69,38337.19,4446.87
Lab equipment #206,2024-08,4596.00,168.81,36088.07,4259.69,34077.50,4428.50
Lab equipment #206,2024-09,4596.00,150.37,31642.43,4259.69,29817.82,4410.05
Lab equipment #206,2024-10,4596.00,131.84,27178.28,4259.69,25558.13,4391.53
Lab equipment #206,2024-11,4596.00,113.24,22695.52,4259.69,21298.44,4372.93
Lab equipment #206,2024-12,4596.00,94.56,18194.08,4259.69,17038.75,4354.25
Lab equipment #206,2025-01,4596.00,75.81,13673.89,4259.69,12779.06,4335.50
Lab equipment #206,2025-02,4596.00,56.97,9134.87,4259.69,8519.38,4316.66
Lab equipment #206,2025-03,4596.00,38.06,4576.93,4259.69,4259.69,4297.75
Lab equipment #206,2025-04,4596.00,19.07,-0.00,4259.69,0.00,4278.76
Lab equipment #207,2023-04,2765.00,715.11,140971.28,2383.69,140637.49,3098.79
Lab equipment #207,2023-05,2765.00,704.86,138911.14,2383.69,138253.80,3088.54
Lab equipment #207,2023-06,2765.00,694.56,136840.69,2383.69,135870.12,3078.24
Lab equipment #207,2023-07,2765.00,684.20,134759.90,2383.69,133486.43,3067.89
Lab equipment #207,2023-08,2765.00,673.80,132668.70,2383.69,131102.74,3057.49
Lab equipment #207,2023-09,2765.00,663.34,130567.04,2383.69,128719.06,3047.03
Lab equipment #207,2023-10,2765.00,652.84,128454.88,2383.69,126335.37,3036.52
Lab equipment #207,2023-11,2765.00,642.27,126332.15,2383.69,123951.69,3025.96
Lab equipment #207,2023-12,2765.00,631.66,124198.81,2383.69,121568.00,3015.35
Lab equipment #207,2024-01,2765.00,620.99,122054.80,2383.69,119184.31,3004.68
Lab equipment #207,2024-02,2765.00,610.27,119900.08,2383.69,116800.63,2993.96
Lab equipment #207,2024-03,2765.00,599.50,117734.58,2383.69,114416.94,2983.19
Lab equipment #207,2024-04,2765.00,588.67,115558.25,2383.69,112033.25,2972.36
Lab equipment #207,2024-05,2765.00,577.79,113371.04,2383.69,109649.57,2961.48
Lab equipment #207,2024-06,2765.00,566.86,111172.90,2383.69,107265.88,2950.54
Lab equipment #207,2024-07,2765.00,555.86,108963.76,2383.69,104882.20,2939.55
Lab equipment #207,2024-08,2765.00,544.82,106743.58,2383.69,102498.51,2928.51
Lab equipment #207,2024-09,2765.00,533.72,104512.30,2383.69,100114.82,2917.40
Lab equipment #207,2024-10,2765.00,522.56,102269.86,2383.69,97731.14,2906.25
Lab equipment #207,2024-11,2765.00,511.35,100016.21,2383.69,95347.45,2895.04
Lab equipment #207,2024-12,2765.00,500.08,97751.29,2383.69,92963.76,2883.77
Lab equipment #207,2025-01,2765.00,488.76,95475.05,2383.69,90580.08,2872.44
Lab equipment #207,2025-02,2765.00,477.38,93187.42,2383.69,88196.39,2861.06
Lab equipment #207,2025-03,2765.00,465.94,90888.36,2383.69,85812.71,2849.62
Lab equipment #207,2025-04,2765.00,454.44,88577.80,2383.69,83429.02,2838.13
Lab equipment #207,2025-05,2765.00,442.89,86255.69,2383.69,81045.33,2826.58
Lab equipment #207,2025-06,2765.00,431.28,83921.97,2383.69,78661.65,2814.96
Lab equipment #207,2025-07,2765.00,419.61,81576.58,2383.69,76277.96,2803.30
Lab equipment #207,2025-08,2765.00,407.88,79219.46,2383.69,73894.27,2791.57
Lab equipment #207,2025-09,2765.00,396.10,76850.56,2383.69,71510.59,2779.78
Lab equipment #207,2025-10,2765.00,384.25,74469.81,2383.69,69126.90,2767.94
Lab equipment #207,2025-11,2765.00,372.35,72077.16,2383.69,66743.22,2756.04
Lab equipment #207,2025-12,2765.00,360.39,69672.55,2383.69,64359.53,2744.07
Lab equipment #207,2026-01,2765.00,348.36,67255.91,2383.69,61975.84,2732.05
Lab equipment #207,2026-02,2765.00,336.28,64827.19,2383.69,59592.16,2719.97
Lab equipment #207,2026-03,2765.00,324.14,62386.33,2383.69,57208.47,2707.82
Lab equipment #207,2026-04,2765.00,311.93,59933.26,2383.69,54824.78,2695.62
Lab equipment #207,2026-05,2765.00,299.67,57467.92,2383.69,52441.10,2683.35
Lab equipment #207,2026-06,2765.00,287.34,54990.26,2383.69,50057.41,2671.03
Lab equipment #207,2026-07,2765.00,274.95,52500.21,2383.69,47673.73,2658.64
Lab equipment #207,2026-08,2765.00,262.50,49997.72,2383.69,45290.04,2646.19
Lab equipment #207,2026-09,2765.00,249.99,47482.70,2383.69,42906.35,2633.67
Lab equipment #207,2026-10,2765.00,237.41,44955.12,2383.69,40522.67,2621.10
Lab equipment #207,2026-11,2765.00,224.78,42414.89,2383.69,38138.98,2608.46
Lab equipment #207,2026-12,2765.00,212.07,39861.97,2383.69,35755.29,2595.76
Lab equipment #207,2027-01,2765.00,199.31,37296.28,2383.69,33371.61,2583.00
Lab equipment #207,2027-02,2765.00,186.48,34717.76,2383.69,30987.92,2570.17
Lab equipment #207,2027-03,2765.00,173.59,32126.35,2383.69,28604.24,2557.28
Lab equipment #207,2027-04,2765.00,160.63,29521.98,2383.69,26220.55,2544.32
Lab equipment #207,2027-05,2765.00,147.61,26904.59,2383.69,23836.86,2531.30
Lab equipment #207,2027-06,2765.00,134.52,24274.11,2383.69,21453.18,2518.21
Lab equipment #207,2027-07,2765.00,121.37,21630.48,2383.69,19069.49,2505.06
Lab equipment #207,2027-08,2765.00,108.15,18973.63,2383.69,16685.80,2491.84
Lab equipment #207,2027-09,2765.00,94.87,16303.50,2383.69,14302.12,2478.55
Lab equipment #207,2027-10,2765.00,81.52,13620.02,2383.69,11918.43,2465.20
Lab equipment #207,2027-11,2765.00,68.10,10923.12,2383.69,9534.75,2451.79
Lab equipment #207,2027-12,2765.00,54.62,8212.74,2383.69,7151.06,2438.30
Lab equipment #207,2028-01,2765.00,41.06,5488.80,2383.69,4767.37,2424.75
Lab equipment #207,2028-02,2765.00,27.44,2751.24,2383.69,2383.69,2411.13
Lab equipment #207,2028-03,2765.00,13.76,0.00,2383.69,-0.00,2397.44
Lab equipment #208,2023-09,5564.00,627.70,120603.49,5230.82,120308.96,5858.52
Lab equipment #208,2023-10,5564.00,603.02,115642.50,5230.82,115078.14,5833.84
Lab equipment #208,2023-11,5564.00,578.21,110656.72,5230.82,109847.31,5809.04
Lab equipment #208,2023-12,5564.00,553.28,105646.00,5230.82,104616.49,5784.11
Lab equipment #208,2024-01,5564.00,528.23,100610.23,5230.82,99385.67,5759.05
Lab equipment #208,2024-02,5564.00,503.05,95549.28,5230.82,94154.84,5733.88
Lab equipment #208,2024-03,5564.00,477.75,90463.03,5230.82,88924.02,5708.57
Lab equipment #208,2024-04,5564.00,452.32,85351.34,5230.82,83693.19,5683.14
Lab equipment #208,2024-05,5564.00,426.76,80214.10,5230.82,78462.37,5657.58
Lab equipment #208,2024-06,5564.00,401.07,75051.17,5230.82,73231.54,5631.89
Lab equipment #208,2024-07,5564.00,375.26,69862.43,5230.82,68000.72,5606.08
Lab equipment #208,2024-08,5564.00,349.31,64647.74,5230.82,62769.89,5580.14
Lab equipment #208,2024-09,5564.00,323.24,59406.98,5230.82,57539.07,5554.06
Lab equipment #208,2024-10,5564.00,297.03,54140.01,5230.82,52308.24,5527.86
Lab equipment #208,2024-11,5564.00,270.70,48846.71,5230.82,47077.42,5501.52
Lab equipment #208,2024-12,5564.00,244.23,43526.95,5230.82,41846.60,5475.06
Lab equipment #208,2025-01,5564.00,217.63,38180.58,5230.82,36615.77,5448.46
Lab equipment #208,2025-02,5564.00,190.90,32807.48,5230.82,31384.95,5421.73
Lab equipment #208,2025-03,5564.00,164.04,27407.52,5230.82,26154.12,5394.86
Lab equipment #208,2025-04,5564.00,137.04,21980.56,5230.82,20923.30,5367.86
Lab equipment #208,2025-05,5564.00,109.90,16526.46,5230.82,15692.47,5340.73
Lab equipment #208,2025-06,5564.00,82.63,11045.09,5230.82,10461.65,5313.46
Lab equipment #208,2025-07,5564.00,55.23,5536.32,5230.82,5230.82,5286.05
Lab equipment #208,2025-08,5564.00,27.68,0.00,5230.82,0.00,5258.51
Lab equipment #209,2025-09,3665.00,432.82,79209.04,3435.05,79006.18,3867.87
Lab equipment #209,2025-10,3665.00,415.85,75959.89,3435.05,75571.13,3850.90
Lab equipment #209,2025-11,3665.00,398.79,72693.68,3435.05,72136.07,3833.84
Lab equipment #209,2025-12,3665.00,381.64,69410.32,3435.05,68701.02,3816.69
Lab equipment #209,2026-01,3665.00,364.40,66109.73,3435.05,65265.97,3799.46
Lab equipment #209,2026-02,3665.00,347.08,62791.80,3435.05,61830.92,3782.13
Lab equipment #209,2026-03,3665.00,329.66,59456.46,3435.05,58395.87,3764.71
Lab equipment #209,2026-04,3665.00,312.15,56103.61,3435.05,54960.82,3747.20
Lab equipment #209,2026-05,3665.00,294.54,52733.15,3435.05,51525.77,3729.60
Lab equipment #209,2026-06,3665.00,276.85,49345.00,3435.05,48090.72,3711.90
Lab equipment #209,2026-07,3665.00,259.06,45939.06,3435.05,44655.66,3694.11
Lab equipment #209,2026-08,3665.00,241.18,42515.24,3435.05,41220.61,3676.23
Lab equipment #209,2026-09,3665.00,223.21,39073.45,3435.05,37785.56,3658.26
Lab equipment #209,2026-10,3665.00,205.14,35613.58,3435.05,34350.51,3640.19
Lab equipment #209,2026-11,3665.00,186.97,32135.55,3435.05,30915.46,3622.02
Lab equipment #209,2026-12,3665.00,168.71,28639.26,3435.05,27480.41,3603.76
Lab equipment #209,2027-01,3665.00,150.36,25124.62,3435.05,24045.36,3585.41
Lab equipment #209,2027-02,3665.00,131.90,21591.52,3435.05,20610.31,3566.96
Lab equipment #209,2027-03,3665.00,113.36,18039.88,3435.05,17175.26,3548.41
Lab equipment #209,2027-04,3665.00,94.71,14469.59,3435.05,13740.20,3529.76
Lab equipment #209,2027-05,3665.00,75.97,10880.55,3435.05,10305.15,3511.02
Lab equipment #209,2027-06,3665.00,57.12,7272.68,3435.05,6870.10,3492.17
Lab equipment #209,2027-07,3665.00,38.18,3645.86,3435.05,3435.05,3473.23
Lab equipment #209,2027-08,3665.00,19.14,0.00,3435.05,-0.00,3454.19
Lab equipment #210,2023-07,2519.00,414.01,80697.10,2300.06,80502.03,2714.07
Lab equipment #210,2023-08,2519.00,403.49,78581.59,2300.06,78201.97,2703.54
Lab equipment #210,2023-09,2519.00,392.91,76455.49,2300.06,75901.92,2692.97
Lab equipment #210,2023-10,2519.00,382.28,74318.77,2300.06,73601.86,2682.34
Lab equipment #210,2023-11,2519.00,371.59,72171.37,2300.06,71301.80,2671.65
Lab equipment #210,2023-12,2519.00,360.86,70013.22,2300.06,69001.74,2660.91
Lab equipment #210,2024-01,2519.00,350.07,67844.29,2300.06,66701.68,2650.12
Lab equipment #210,2024-02,2519.00,339.22,65664.51,2300.06,64401.63,2639.28
Lab equipment #210,2024-03,2519.00,328.32,63473.83,2300.06,62101.57,2628.38
Lab equipment #210,2024-04,2519.00,317.37,61272.20,2300.06,59801.51,2617.43
Lab equipment #210,2024-05,2519.00,306.36,59059.56,2300.06,57501.45,2606.42
Lab equipment #210,2024-06,2519.00,295.30,56835.86,2300.06,55201.39,2595.36
Lab equipment #210,2024-07,2519.00,284.18,54601.04,2300.06,52901.34,2584.24
Lab equipment #210,2024-08,2519.00,273.01,52355.04,2300.06,50601.28,2573.06
Lab equipment #210,2024-09,2519.00,261.78,50097.82,2300.06,48301.22,2561.83
Lab equipment #210,2024-10,2519.00,250.49,47829.31,2300.06,46001.16,2550.55
Lab equipment #210,2024-11,2519.00,239.15,45549.46,2300.06,43701.10,2539.20
Lab equipment #210,2024-12,2519.00,227.75,43258.20,2300.06,41401.04,2527.81
Lab equipment #210,2025-01,2519.00,216.29,40955.49,2300.06,39100.99,2516.35
Lab equipment #210,2025-02,2519.00,204.78,38641.27,2300.06,36800.93,2504.84
Lab equipment #210,2025-03,2519.00,193.21,36315.48,2300.06,34500.87,2493.26
Lab equipment #210,2025-04,2519.00,181.58,33978.05,2300.06,32200.81,2481.64
Lab equipment #210,2025-05,2519.00,169.89,31628.95,2300.06,29900.75,2469.95
Lab equipment #210,2025-06,2519.00,158.14,29268.09,2300.06,27600.70,2458.20
Lab equipment #210,2025-07,2519.00,146.34,26895.43,2300.06,25300.64,2446.40
Lab equipment #210,2025-08,2519.00,134.48,24510.91,2300.06,23000.58,2434.54
Lab equipment #210,2025-09,2519.00,122.55,22114.46,2300.06,20700.52,2422.61
Lab equipment #210,2025-10,2519.00,110.57,19706.03,2300.06,18400.46,2410.63
Lab equipment #210,2025-11,2519.00,98.53,17285.56,2300.06,16100.41,2398.59
Lab equipment #210,2025-12,2519.00,86.43,14852.99,2300.06,13800.35,2386.49
Lab equipment #210,2026-01,2519.00,74.26,12408.26,2300.06,11500.29,2374.32
Lab equipment #210,2026-02,2519.00,62.04,9951.30,2300.06,9200.23,2362.10
Lab equipment #210,2026-03,2519.00,49.76,7482.06,2300.06,6900.17,2349.81
Lab equipment #210,2026-04,2519.00,37.41,5000.47,2300.06,4600.12,2337.47
Lab equipment #210,2026-05,2519.00,25.00,2506.47,2300.06,2300.06,2325.06
Lab equipment #210,2026-06,2519.00,12.53,0.00,2300.06,0.00,2312.59
Lab equipment #211,2022-10,3193.00,705.00,166711.32,2819.99,166379.34,3524.99
Lab equipment #211,2022-11,3193.00,694.63,164212.95,2819.99,163559.35,3514.62
Lab equipment #211,2022-12,3193.00,684.22,161704.17,2819.99,160739.36,3504.21
Lab equipment #211,2023-01,3193.00,673.77,159184.94,2819.99,157919.37,3493.76
Lab equipment #211,2023-02,3193.00,663.27,156655.21,2819.99,155099.38,3483.26
Lab equipment #211,2023-03,3193.00,652.73,154114.94,2819.99,152279.39,3472.72
Lab equipment #211,2023-04,3193.00,642.15,151564.09,2819.99,149459.40,3462.13
Lab equipment #211,2023-05,3193.00,631.52,149002.60,2819.99,146639.42,3451.51
Lab equipment #211,2023-06,3193.00,620.84,146430.45,2819.99,143819.43,3440.83
Lab equipment #211,2023-07,3193.00,610.13,143847.58,2819.99,140999.44,3430.12
Lab equipment #211,2023-08,3193.00,599.36,141253.94,2819.99,138179.45,3419.35
Lab equipment #211,2023-09,3193.00,588.56,138649.50,2819.99,135359.46,3408.55
Lab equipment #211,2023-10,3193.00,577.71,136034.20,2819.99,132539.47,3397.69
Lab equipment #211,2023-11,3193.00,566.81,133408.01,2819.99,129719.48,3386.80
Lab equipment #211,2023-12,3193.00,555.87,130770.88,2819.99,126899.49,3375.86
Lab equipment #211,2024-01,3193.00,544.88,128122.76,2819.99,124079.51,3364.87
Lab equipment #211,2024-02,3193.00,533.84,125463.60,2819.99,121259.52,3353.83
Lab equipment #211,2024-03,3193.00,522.77,122793.37,2819.99,118439.53,3342.75
Lab equipment #211,2024-04,3193.00,511.64,120112.01,2819.99,115619.54,3331.63
Lab equipment #211,2024-05,3193.00,500.47,117419.47,2819.99,112799.55,3320.46
Lab equipment #211,2024-06,3193.00,489.25,114715.72,2819.99,109979.56,3309.24
Lab equipment #211,2024-07,3193.00,477.98,112000.70,2819.99,107159.57,3297.97
Lab equipment #211,2024-08,3193.00,466.67,109274.37,2819.99,104339.58,3286.66
Lab equipment #211,2024-09,3193.00,455.31,106536.68,2819.99,101519.60,3275.30
Lab equipment #211,2024-10,3193.00,443.90,103787.59,2819.99,98699.61,3263.89
Lab equipment #211,2024-11,3193.00,432.45,101027.04,2819.99,95879.62,3252.44
Lab equipment #211,2024-12,3193.00,420.95,98254.98,2819.99,93059.63,3240.93
Lab equipment #211,2025-01,3193.00,409.40,95471.38,2819.99,90239.64,3229.38
Lab equipment #211,2025-02,3193.00,397.80,92676.17,2819.99,87419.65,3217.79
Lab equipment #211,2025-03,3193.00,386.15,89869.33,2819.99,84599.66,3206.14
Lab equipment #211,2025-04,3193.00,374.46,87050.78,2819.99,81779.67,3194.44
Lab equipment #211,2025-05,3193.00,362.71,84220.49,2819.99,78959.69,3182.70
Lab equipment #211,2025-06,3193.00,350.92,81378.41,2819.99,76139.70,3170.91
Lab equipment #211,2025-07,3193.00,339.08,78524.49,2819.99,73319.71,3159.07
Lab equipment #211,2025-08,3193.00,327.19,75658.67,2819.99,70499.72,3147.17
Lab equipment #211,2025-09,3193.00,315.24,72780.92,2819.99,67679.73,3135.23
Lab equipment #211,2025-10,3193.00,303.25,69891.17,2819.99,64859.74,3123.24
Lab equipment #211,2025-11,3193.00,291.21,66989.38,2819.99,62039.75,3111.20
Lab equipment #211,2025-12,3193.00,279.12,64075.51,2819.99,59219.76,3099.11
Lab equipment #211,2026-01,3193.00,266.98,61149.49,2819.99,56399.78,3086.97
Lab equipment #211,2026-02,3193.00,254.79,58211.28,2819.99,53579.79,3074.78
Lab equipment #211,2026-03,3193.00,242.55,55260.82,2819.99,50759.80,3062.54
Lab equipment #211,2026-04,3193.00,230.25,52298.08,2819.99,47939.81,3050.24
Lab equipment #211,2026-05,3193.00,217.91,49322.99,2819.99,45119.82,3037.90
Lab equipment #211,2026-06,3193.00,205.51,46335.50,2819.99,42299.83,3025.50
Lab equipment #211,2026-07,3193.00,193.06,43335.56,2819.99,39479.84,3013.05
Lab equipment #211,2026-08,3193.00,180.56,40323.13,2819.99,36659.85,3000.55
Lab equipment #211,2026-09,3193.00,168.01,37298.14,2819.99,33839.87,2988.00
Lab equipment #211,2026-10,3193.00,155.41,34260.55,2819.99,31019.88,2975.40
Lab equipment #211,2026-11,3193.00,142.75,31210.30,2819.99,28199.89,2962.74
Lab equipment #211,2026-12,3193.00,130.04,28147.35,2819.99,25379.90,2950.03
Lab equipment #211,2027-01,3193.00,117.28,25071.63,2819.99,22559.91,2937.27
Lab equipment #211,2027-02,3193.00,104.47,21983.09,2819.99,19739.92,2924.45
Lab equipment #211,2027-03,3193.00,91.60,18881.69,2819.99,16919.93,2911.58
Lab equipment #211,2027-04,3193.00,78.67,15767.36,2819.99,14099.94,2898.66
Lab equipment #211,2027-05,3193.00,65.70,12640.06,2819.99,11279.96,2885.69
Lab equipment #211,2027-06,3193.00,52.67,9499.73,2819.99,8459.97,2872.66
Lab equipment #211,2027-07,3193.00,39.58,6346.31,2819.99,5639.98,2859.57
Lab equipment #211,2027-08,3193.00,26.44,3179.75,2819.99,2819.99,2846.43
Lab equipment #211,2027-09,3193.00,13.25,0.00,2819.99,-0.00,2833.24
Lab equipment #212,2022-09,8127.00,1794.40,424322.87,7177.59,423477.88,8971.99
Lab equipment #212,2022-10,8127.00,1768.01,417963.88,7177.59,416300.29,8945.60
Lab equipment #212,2022-11,8127.00,1741.52,411578.40,7177.59,409122.70,8919.11
Lab equipment #212,2022-12,8127.00,1714.91,405166.31,7177.59,401945.11,8892.50
Lab equipment #212,2023-01,8127.00,1688.19,398727.50,7177.59,394767.51,8865.78
Lab equipment #212,2023-02,8127.00,1661.36,392261.86,7177.59,387589.92,8838.96
Lab equipment #212,2023-03,8127.00,1634.42,385769.29,7177.59,380412.33,8812.02
Lab equipment #212,2023-04,8127.00,1607.37,379249.66,7177.59,373234.74,8784.96
Lab equipment #212,2023-05,8127.00,1580.21,372702.87,7177.59,366057.15,8757.80
Lab equipment #212,2023-06,8127.00,1552.93,366128.80,7177.59,358879.56,8730.52
Lab equipment #212,2023-07,8127.00,1525.54,359527.33,7177.59,351701.97,8703.13
Lab equipment #212,2023-08,8127.00,1498.03,352898.36,7177.59,344524.38,8675.62
Lab equipment #212,2023-09,8127.00,1470.41,346241.77,7177.59,337346.79,8648.00
Lab equipment #212,2023-10,8127.00,1442.67,339557.45,7177.59,330169.19,8620.27
Lab equipment #212,2023-11,8127.00,1414.82,332845.27,7177.59,322991.60,8592.41
Lab equipment #212,2023-12,8127.00,1386.86,326105.12,7177.59,315814.01,8564.45
Lab equipment #212,2024-01,8127.00,1358.77,319336.90,7177.59,308636.42,8536.36
Lab equipment #212,2024-02,8127.00,1330.57,312540.47,7177.59,301458.83,8508.16
Lab equipment #212,2024-03,8127.00,1302.25,305715.72,7177.59,294281.24,8479.84
Lab equipment #212,2024-04,8127.00,1273.82,298862.53,7177.59,287103.65,8451.41
Lab equipment #212,2024-05,8127.00,1245.26,291980.79,7177.59,279926.06,8422.85
Lab equipment #212,2024-06,8127.00,1216.59,285070.38,7177.59,272748.46,8394.18
Lab equipment #212,2024-07,8127.00,1187.79,278131.17,7177.59,265570.87,8365.38
Lab equipment #212,2024-08,8127.00,1158.88,271163.05,7177.59,258393.28,8336.47
Lab equipment #212,2024-09,8127.00,1129.85,264165.90,7177.59,251215.69,8307.44
Lab equipment #212,2024-10,8127.00,1100.69,257139.59,7177.59,244038.10,8278.28
Lab equipment #212,2024-11,8127.00,1071.41,250084.01,7177.59,236860.51,8249.01
Lab equipment #212,2024-12,8127.00,1042.02,242999.02,7177.59,229682.92,8219.61
Lab equipment #212,2025-01,8127.00,1012.50,235884.52,7177.59,222505.33,8190.09
Lab equipment #212,2025-02,8127.00,982.85,228740.37,7177.59,215327.74,8160.44
Lab equipment #212,2025-03,8127.00,953.08,221566.46,7177.59,208150.14,8130.68
Lab equipment #212,2025-04,8127.00,923.19,214362.65,7177.59,200972.55,8100.78
Lab equipment #212,2025-05,8127.00,893.18,207128.83,7177.59,193794.96,8070.77
Lab equipment #212,2025-06,8127.00,863.04,199864.86,7177.59,186617.37,8040.63
Lab equipment #212,2025-07,8127.00,832.77,192570.63,7177.59,179439.78,8010.36
Lab equipment #212,2025-08,8127.00,802.38,185246.01,7177.59,172262.19,7979.97
Lab equipment #212,2025-09,8127.00,771.86,177890.87,7177.59,165084.60,7949.45
Lab equipment #212,2025-10,8127.00,741.21,170505.08,7177.59,157907.01,7918.80
Lab equipment #212,2025-11,8127.00,710.44,163088.52,7177.59,150729.41,7888.03
Lab equipment #212,2025-12,8127.00,679.54,155641.06,7177.59,143551.82,7857.13
Lab equipment #212,2026-01,8127.00,648.50,148162.56,7177.59,136374.23,7826.10
Lab equipment #212,2026-02,8127.00,617.34,140652.90,7177.59,129196.64,7794.94
Lab equipment #212,2026-03,8127.00,586.05,133111.96,7177.59,122019.05,7763.64
Lab equipment #212,2026-04,8127.00,554.63,125539.59,7177.59,114841.46,7732.22
Lab equipment #212,2026-05,8127.00,523.08,117935.67,7177.59,107663.87,7700.67
Lab equipment #212,2026-06,8127.00,491.40,110300.07,7177.59,100486.28,7668.99
Lab equipment #212,2026-07,8127.00,459.58,102632.66,7177.59,93308.69,7637.17
Lab equipment #212,2026-08,8127.00,427.64,94933.29,7177.59,86131.09,7605.23
Lab equipment #212,2026-09,8127.00,395.56,87201.85,7177.59,78953.50,7573.15
Lab equipment #212,2026-10,8127.00,363.34,79438.19,7177.59,71775.91,7540.93
Lab equipment #212,2026-11,8127.00,330.99,71642.18,7177.59,64598.32,7508.58
Lab equipment #212,2026-12,8127.00,298.51,63813.69,7177.59,57420.73,7476.10
Lab equipment #212,2027-01,8127.00,265.89,55952.58,7177.59,50243.14,7443.48
Lab equipment #212,2027-02,8127.00,233.14,48058.72,7177.59,43065.55,7410.73
Lab equipment #212,2027-03,8127.00,200.24,40131.96,7177.59,35887.96,7377.84
Lab equipment #212,2027-04,8127.00,167.22,32172.18,7177.59,28710.36,7344.81
Lab equipment #212,2027-05,8127.00,134.05,24179.23,7177.59,21532.77,7311.64
Lab equipment #212,2027-06,8127.00,100.75,16152.97,7177.59,14355.18,7278.34
Lab equipment #212,2027-07,8127.00,67.30,8093.28,7177.59,7177.59,7244.90
Lab equipment #212,2027-08,8127.00,33.72,0.00,7177.59,0.00,7211.31
