contract_id,segment,renewal_quarter,health,arr
N0001,smb,2026Q3,green,2677.94
N0002,mid_market,2026Q3,green,34683.26
N0003,mid_market,2026Q3,yellow,34280.76
N0004,smb,2026Q3,yellow,8167.08
N0005,mid_market,2026Q3,red,52061.25
N0006,smb,2026Q3,green,3694.75
N0007,enterprise,2026Q3,green,242365.47
N0008,mid_market,2026Q3,green,31431.27
N0009,enterprise,2026Q3,green,173772.7
N0010,enterprise,2026Q3,green,276059.29
N0011,smb,2026Q3,green,9820.28
N0012,smb,2026Q3,green,8957.98
N0013,mid_market,2026Q3,green,15878.38
N0014,mid_market,2026Q3,yellow,44836.25
N0015,smb,2026Q3,green,9078.42
N0016,enterprise,2026Q3,green,192421.21
N0017,smb,2026Q3,green,8739.12
N0018,enterprise,2026Q3,green,258610.44
N0019,mid_market,2026Q3,red,32780.66
N0020,smb,2026Q3,yellow,10893.98
N0021,smb,2026Q3,yellow,6759.11
N0022,mid_market,2026Q3,yellow,58757.45
N0023,mid_market,2026Q3,green,16448.66
N0024,smb,2026Q3,green,4099.39
N0025,mid_market,2026Q3,green,60815.76
N0026,enterprise,2026Q3,red,71734.02
N0027,mid_market,2026Q3,green,35081.53
N0028,smb,2026Q3,green,12448.13
N0029,enterprise,2026Q3,green,271330.9
N0030,enterprise,2026Q3,green,90452.84
N0031,smb,2026Q3,yellow,10707.67
N0032,enterprise,2026Q3,green,232532.47
N0033,enterprise,2026Q3,red,208430.46
N0034,mid_market,2026Q3,green,16590.61
N0035,mid_market,2026Q3,green,19955.28
N0036,enterprise,2026Q3,green,127107.65
N0037,mid_market,2026Q3,green,43925.96
N0038,smb,2026Q3,yellow,10320.11
N0039,smb,2026Q3,green,10811.94
N0040,smb,2026Q3,yellow,9579.44
N0041,mid_market,2026Q3,green,46156.81
N0042,mid_market,2026Q3,green,51602.81
N0043,smb,2026Q3,red,2756.84
N0044,mid_market,2026Q3,yellow,39091.62
N0045,enterprise,2026Q3,green,134962.45
N0046,enterprise,2026Q3,green,156404.64
N0047,mid_market,2026Q3,yellow,51582.88
N0048,mid_market,2026Q3,green,23157.25
N0049,smb,2026Q3,green,10256.32
N0050,enterprise,2026Q3,green,120049.43
N0051,smb,2026Q3,yellow,12775.8
N0052,enterprise,2026Q3,green,280225.29
N0053,enterprise,2026Q3,green,169586.86
N0054,enterprise,2026Q3,green,206594.44
N0055,mid_market,2026Q3,red,68946.94
N0056,smb,2026Q3,green,2763.84
N0057,smb,2026Q3,green,8628.21
N0058,smb,2026Q3,yellow,12742.83
N0059,mid_market,2026Q3,red,24354.78
N0060,mid_market,2026Q3,green,60486.99
N0061,enterprise,2026Q3,green,236268.78
N0062,enterprise,2026Q3,green,95557.21
N0063,smb,2026Q3,yellow,6422.88
N0064,smb,2026Q3,green,2440.46
N0065,smb,2026Q3,green,5229.85
N0066,mid_market,2026Q3,green,42683.77
N0067,mid_market,2026Q3,green,16835.45
N0068,mid_market,2026Q3,green,62837.06
N0069,smb,2026Q3,green,12008.77
N0070,enterprise,2026Q3,green,271163.77
N0071,mid_market,2026Q3,yellow,34441.52
N0072,smb,2026Q3,yellow,5082.67
N0073,enterprise,2026Q3,green,133491.28
N0074,mid_market,2026Q3,green,38970.76
N0075,smb,2026Q3,yellow,2945.48
N0076,smb,2026Q3,green,7629.34
N0077,enterprise,2026Q3,yellow,218166.71
N0078,enterprise,2026Q3,green,167560.55
N0079,mid_market,2026Q3,green,38302.3
N0080,enterprise,2026Q3,yellow,139944.35
N0081,mid_market,2026Q3,green,53888.37
N0082,smb,2026Q3,green,3742.74
N0083,enterprise,2026Q3,green,112360.68
N0084,mid_market,2026Q3,green,54140.03
N0085,mid_market,2026Q3,green,57355.85
N0086,enterprise,2026Q3,green,270931.63
N0087,mid_market,2026Q3,green,50486.2
N0088,smb,2026Q3,green,10788.92
N0089,smb,2026Q3,yellow,9394.84
N0090,smb,2026Q3,green,6565.13
N0091,mid_market,2026Q3,green,23367.16
N0092,smb,2026Q3,green,6184.11
N0093,mid_market,2026Q3,green,46764.97
N0094,enterprise,2026Q3,green,129942.49
N0095,enterprise,2026Q3,green,220247.1
N0096,mid_market,2026Q3,green,23534.55
N0097,smb,2026Q3,green,11766.93
N0098,mid_market,2026Q3,red,27872.25
N0099,smb,2026Q4,green,8980.62
N0100,smb,2026Q4,green,10685.68
N0101,mid_market,2026Q4,red,26666.75
N0102,smb,2026Q4,yellow,6785.27
N0103,enterprise,2026Q4,green,79677.39
N0104,smb,2026Q4,green,11994.13
N0105,enterprise,2026Q4,green,263719.46
N0106,smb,2026Q4,yellow,12227.74
N0107,mid_market,2026Q4,green,25568.07
N0108,smb,2026Q4,yellow,6457.57
N0109,enterprise,2026Q4,green,118229.71
N0110,smb,2026Q4,green,12534.06
N0111,mid_market,2026Q4,red,66844.39
N0112,smb,2026Q4,green,7911.75
N0113,mid_market,2026Q4,yellow,38372.56
N0114,mid_market,2026Q4,green,28479.65
N0115,enterprise,2026Q4,green,209949.78
N0116,mid_market,2026Q4,yellow,35455.18
N0117,mid_market,2026Q4,green,66923.04
N0118,smb,2026Q4,red,11916.73
N0119,enterprise,2026Q4,red,78470.72
N0120,smb,2026Q4,red,10160.34
N0121,smb,2026Q4,green,6150.18
N0122,mid_market,2026Q4,green,31030.72
N0123,smb,2026Q4,green,11950.16
N0124,smb,2026Q4,green,3211.94
N0125,smb,2026Q4,green,7674.74
N0126,smb,2026Q4,green,13435.45
N0127,enterprise,2026Q4,green,97072.6
N0128,mid_market,2026Q4,green,67308.89
N0129,smb,2026Q4,green,6579.25
N0130,enterprise,2026Q4,yellow,79344.69
N0131,mid_market,2026Q4,green,56255.03
N0132,smb,2026Q4,green,12771.68
N0133,smb,2026Q4,red,3238.71
N0134,smb,2026Q4,red,7532.44
N0135,mid_market,2026Q4,green,46510.09
N0136,smb,2026Q4,green,9565.51
N0137,mid_market,2026Q4,yellow,57588.24
N0138,mid_market,2026Q4,green,48584.51
N0139,smb,2026Q4,green,7015.71
N0140,enterprise,2026Q4,green,290923.6
N0141,mid_market,2026Q4,green,63257.9
N0142,enterprise,2026Q4,green,157844.23
N0143,enterprise,2026Q4,red,161115.49
N0144,mid_market,2026Q4,green,37410.13
N0145,enterprise,2026Q4,green,149084.77
N0146,mid_market,2026Q4,yellow,38114.78
N0147,mid_market,2026Q4,green,39121.53
N0148,enterprise,2026Q4,green,197104.95
N0149,enterprise,2026Q4,green,288623.48
N0150,smb,2026Q4,green,12545.13
N0151,smb,2026Q4,green,2401.36
N0152,smb,2026Q4,green,8644.13
N0153,smb,2026Q4,green,5102.57
N0154,smb,2026Q4,green,7628.65
N0155,smb,2026Q4,red,9903.63
N0156,enterprise,2026Q4,green,138917.05
N0157,mid_market,2026Q4,red,49818.88
N0158,mid_market,2026Q4,green,38650.52
N0159,mid_market,2026Q4,yellow,50396.17
N0160,smb,2026Q4,green,8125.8
N0161,smb,2026Q4,yellow,6943.59
N0162,mid_market,2026Q4,green,43367.17
N0163,smb,2026Q4,green,2539.38
N0164,enterprise,2026Q4,red,248094.4
N0165,mid_market,2026Q4,red,48492.97
N0166,mid_market,2026Q4,green,23366.27
N0167,mid_market,2026Q4,green,29748.49
N0168,enterprise,2026Q4,green,290393.37
N0169,mid_market,2026Q4,green,67803.7
N0170,mid_market,2026Q4,green,57673.89
N0171,smb,2026Q4,red,8507.45
N0172,mid_market,2026Q4,green,69537.04
N0173,mid_market,2026Q4,yellow,67522.01
N0174,smb,2026Q4,yellow,9192.11
N0175,mid_market,2026Q4,green,54342.6
N0176,smb,2026Q4,yellow,10662.76
N0177,smb,2026Q4,green,8045.05
N0178,mid_market,2026Q4,green,24145.77
N0179,mid_market,2026Q4,green,65123.91
N0180,mid_market,2026Q4,green,36486.92
N0181,mid_market,2026Q4,green,60530.03
N0182,smb,2026Q4,green,8044.45
N0183,mid_market,2026Q4,green,45324.88
N0184,smb,2026Q4,red,7042.55
N0185,enterprise,2026Q4,green,142298.41
N0186,smb,2026Q4,green,12503.26
N0187,smb,2026Q4,green,3077.91
N0188,smb,2026Q4,green,2501.56
N0189,enterprise,2026Q4,green,89941.06
N0190,mid_market,2026Q4,yellow,67079.68
N0191,enterprise,2026Q4,red,275346.92
N0192,smb,2026Q4,green,2094.49
N0193,mid_market,2026Q4,yellow,16104.38
N0194,smb,2026Q4,green,7624.51
N0195,smb,2026Q4,green,7853.52
N0196,smb,2026Q4,yellow,7858.9
N0197,mid_market,2026Q4,green,16878.9
N0198,mid_market,2026Q4,green,51130.49
N0199,enterprise,2026Q4,green,257404.97
N0200,smb,2026Q4,yellow,10647.63
N0201,mid_market,2026Q4,green,53252.84
N0202,smb,2026Q4,green,10594.69
N0203,mid_market,2026Q4,yellow,47096.92
N0204,smb,2026Q4,red,3006.98
N0205,smb,2026Q4,green,8214.69
N0206,mid_market,2026Q4,yellow,42891.69
N0207,smb,2026Q4,green,3841.26
N0208,smb,2026Q4,yellow,4145.59
N0209,mid_market,2026Q4,red,69387.73
N0210,enterprise,2026Q4,green,178950.21
N0211,smb,2026Q4,red,12977.03
N0212,mid_market,2027Q1,green,38367.29
N0213,mid_market,2027Q1,green,23415.95
N0214,smb,2027Q1,yellow,12890.61
N0215,mid_market,2027Q1,green,56567.23
N0216,smb,2027Q1,green,8478.15
N0217,mid_market,2027Q1,green,63537.56
N0218,smb,2027Q1,green,11224.38
N0219,mid_market,2027Q1,green,67015.8
N0220,mid_market,2027Q1,green,26917.53
N0221,mid_market,2027Q1,green,18537.22
N0222,enterprise,2027Q1,green,96373.15
N0223,smb,2027Q1,green,4365.71
N0224,enterprise,2027Q1,green,248965.55
N0225,mid_market,2027Q1,green,48923.95
N0226,mid_market,2027Q1,green,59510.21
N0227,mid_market,2027Q1,yellow,50168.78
N0228,smb,2027Q1,green,9785.94
N0229,enterprise,2027Q1,green,76067.68
N0230,smb,2027Q1,green,12935.12
N0231,mid_market,2027Q1,green,16103.74
N0232,mid_market,2027Q1,green,50592.24
N0233,mid_market,2027Q1,red,42739.62
N0234,mid_market,2027Q1,green,43183.19
N0235,smb,2027Q1,yellow,8918.86
N0236,smb,2027Q1,green,13378.63
N0237,smb,2027Q1,red,4456.26
N0238,mid_market,2027Q1,green,25925.52
N0239,mid_market,2027Q1,green,36701.26
N0240,mid_market,2027Q1,green,46976.45
N0241,mid_market,2027Q1,yellow,15160.85
N0242,enterprise,2027Q1,yellow,298232.92
N0243,mid_market,2027Q1,green,17634.27
N0244,smb,2027Q1,green,13048.98
N0245,mid_market,2027Q1,green,15272.05
N0246,smb,2027Q1,green,10738.08
N0247,enterprise,2027Q1,green,254612.76
N0248,smb,2027Q1,yellow,3050.24
N0249,mid_market,2027Q1,yellow,16052.96
N0250,enterprise,2027Q1,green,98237.04
N0251,enterprise,2027Q1,green,164817.82
N0252,smb,2027Q1,green,13298.19
N0253,enterprise,2027Q1,green,105120.63
N0254,mid_market,2027Q1,green,35258.81
N0255,enterprise,2027Q1,green,244651.49
N0256,mid_market,2027Q1,green,56412.1
N0257,mid_market,2027Q1,yellow,15598.41
N0258,enterprise,2027Q1,green,117447.62
N0259,enterprise,2027Q1,green,188937.92
N0260,mid_market,2027Q1,green,46759.43
N0261,smb,2027Q1,green,12198.76
N0262,enterprise,2027Q1,yellow,128140.15
N0263,mid_market,2027Q1,green,22120.43
N0264,smb,2027Q1,yellow,6402.8
N0265,mid_market,2027Q1,green,15702.74
N0266,mid_market,2027Q1,yellow,29021.13
N0267,mid_market,2027Q1,green,14110.9
N0268,enterprise,2027Q1,green,219779.65
N0269,smb,2027Q1,red,3703.5
N0270,mid_market,2027Q1,green,55692.97
N0271,enterprise,2027Q1,green,147313.75
N0272,mid_market,2027Q1,green,59116.43
N0273,mid_market,2027Q1,green,63040.75
N0274,mid_market,2027Q1,green,49563.91
N0275,mid_market,2027Q1,green,37270.24
N0276,smb,2027Q1,green,13415.16
N0277,mid_market,2027Q1,green,32875.88
N0278,mid_market,2027Q1,green,52528.77
N0279,mid_market,2027Q1,green,66871.93
N0280,mid_market,2027Q1,green,19280.03
N0281,smb,2027Q1,yellow,9226.19
N0282,mid_market,2027Q1,green,28850.05
N0283,mid_market,2027Q1,yellow,17485.04
N0284,mid_market,2027Q1,green,22808.44
N0285,mid_market,2027Q1,green,65907.92
N0286,smb,2027Q1,green,3786.37
N0287,mid_market,2027Q1,green,49865.25
N0288,mid_market,2027Q1,green,49052.26
N0289,smb,2027Q1,green,10515.52
N0290,smb,2027Q1,green,9195.65
N0291,smb,2027Q1,yellow,6453.67
N0292,smb,2027Q1,yellow,11671.37
N0293,mid_market,2027Q1,green,22706.51
N0294,enterprise,2027Q1,green,107274.45
N0295,mid_market,2027Q1,green,38214.71
N0296,mid_market,2027Q1,green,54242.24
N0297,mid_market,2027Q1,yellow,24955.26
N0298,smb,2027Q1,green,11819.44
N0299,smb,2027Q1,red,5550.38
N0300,smb,2027Q1,yellow,10247.2
N0301,smb,2027Q1,green,11567.66
N0302,enterprise,2027Q1,green,148135.7
N0303,smb,2027Q1,green,11390.07
N0304,smb,2027Q1,green,13997.29
N0305,smb,2027Q1,green,9228.74
N0306,smb,2027Q1,green,6824.64
N0307,enterprise,2027Q1,red,180318.75
N0308,mid_market,2027Q1,green,68329.27
N0309,enterprise,2027Q1,green,282018.6
N0310,mid_market,2027Q1,yellow,58320.21
N0311,smb,2027Q1,green,3558.26
N0312,mid_market,2027Q1,green,21215.9
N0313,smb,2027Q1,green,10177.15
N0314,enterprise,2027Q1,green,208986.4
N0315,mid_market,2027Q1,green,61386.51
N0316,enterprise,2027Q1,green,110798.66
N0317,enterprise,2027Q1,red,296253.89
N0318,smb,2027Q1,green,9431.54
N0319,mid_market,2027Q1,red,62570.7
N0320,smb,2027Q1,green,8331.78
N0321,enterprise,2027Q1,yellow,183817.47
N0322,mid_market,2027Q1,green,59051.57
N0323,smb,2027Q1,green,6097.98
N0324,mid_market,2027Q1,green,27514.63
N0325,mid_market,2027Q1,green,58896.77
N0326,enterprise,2027Q1,green,90635.53
N0327,mid_market,2027Q1,green,50990.03
N0328,smb,2027Q1,red,7835.55
N0329,mid_market,2027Q1,green,51467.5
N0330,mid_market,2027Q1,green,63176.44
N0331,smb,2027Q1,green,5823.43
N0332,mid_market,2027Q2,green,33952.17
N0333,mid_market,2027Q2,green,41924.25
N0334,smb,2027Q2,yellow,4061.45
N0335,mid_market,2027Q2,green,56497.19
N0336,mid_market,2027Q2,yellow,61854.62
N0337,mid_market,2027Q2,yellow,17836.86
N0338,mid_market,2027Q2,yellow,21070.01
N0339,smb,2027Q2,green,12431.57
N0340,mid_market,2027Q2,green,62250.01
N0341,smb,2027Q2,yellow,2689.58
N0342,mid_market,2027Q2,green,49240.05
N0343,mid_market,2027Q2,green,63594.16
N0344,mid_market,2027Q2,yellow,41698.18
N0345,enterprise,2027Q2,green,120741.28
N0346,mid_market,2027Q2,green,27956.96
N0347,smb,2027Q2,green,3508.87
N0348,smb,2027Q2,green,11300.42
N0349,mid_market,2027Q2,green,40013.24
N0350,smb,2027Q2,green,10081.28
N0351,enterprise,2027Q2,green,147294.06
N0352,mid_market,2027Q2,green,48427.07
N0353,mid_market,2027Q2,yellow,67744.9
N0354,smb,2027Q2,yellow,12992.46
N0355,mid_market,2027Q2,green,36351.23
N0356,smb,2027Q2,green,7979.41
N0357,smb,2027Q2,green,10801.75
N0358,mid_market,2027Q2,green,69878.41
N0359,mid_market,2027Q2,yellow,47599.47
N0360,enterprise,2027Q2,green,274787.82
N0361,smb,2027Q2,green,12157.87
N0362,smb,2027Q2,green,9090.14
N0363,mid_market,2027Q2,yellow,34887.13
N0364,mid_market,2027Q2,green,57274.87
N0365,smb,2027Q2,green,13567.8
N0366,smb,2027Q2,green,3718.58
N0367,smb,2027Q2,green,6570.43
N0368,mid_market,2027Q2,green,50881.79
N0369,mid_market,2027Q2,green,64223.87
N0370,mid_market,2027Q2,green,19126.11
N0371,enterprise,2027Q2,green,261211.29
N0372,smb,2027Q2,green,9113.52
N0373,smb,2027Q2,green,8149.05
N0374,mid_market,2027Q2,green,44421.3
N0375,mid_market,2027Q2,green,32274.56
N0376,enterprise,2027Q2,red,298755.34
N0377,mid_market,2027Q2,green,27890.95
N0378,mid_market,2027Q2,green,42392.66
N0379,smb,2027Q2,yellow,3457.72
N0380,mid_market,2027Q2,green,41350.44
N0381,mid_market,2027Q2,green,53497.39
N0382,smb,2027Q2,green,7765.46
N0383,mid_market,2027Q2,green,52837.26
N0384,smb,2027Q2,green,4431.68
N0385,mid_market,2027Q2,green,67012.0
N0386,enterprise,2027Q2,green,143000.55
N0387,enterprise,2027Q2,green,246456.55
N0388,enterprise,2027Q2,green,199661.72
N0389,mid_market,2027Q2,red,46679.0
N0390,smb,2027Q2,green,11353.1
N0391,mid_market,2027Q2,green,62765.26
N0392,enterprise,2027Q2,red,136657.53
N0393,enterprise,2027Q2,red,195094.61
N0394,smb,2027Q2,green,7769.04
N0395,mid_market,2027Q2,green,37796.07
N0396,smb,2027Q2,green,12523.31
N0397,smb,2027Q2,green,7888.67
N0398,enterprise,2027Q2,green,185530.68
N0399,smb,2027Q2,red,3819.7
N0400,enterprise,2027Q2,green,270001.74
N0401,enterprise,2027Q2,green,176290.59
N0402,enterprise,2027Q2,green,90671.95
N0403,mid_market,2027Q2,yellow,15505.91
N0404,mid_market,2027Q2,green,27459.38
N0405,mid_market,2027Q2,green,30069.09
N0406,smb,2027Q2,yellow,11985.79
N0407,mid_market,2027Q2,red,32543.3
N0408,smb,2027Q2,green,3776.29
N0409,smb,2027Q2,green,12650.7
N0410,smb,2027Q2,yellow,3171.46
N0411,enterprise,2027Q2,green,99785.06
N0412,smb,2027Q2,green,3291.68
N0413,smb,2027Q2,green,11973.68
N0414,smb,2027Q2,green,3546.39
N0415,mid_market,2027Q2,green,19527.36
N0416,smb,2027Q2,green,11438.05
N0417,enterprise,2027Q2,yellow,299855.2
N0418,smb,2027Q2,green,5244.04
N0419,smb,2027Q2,green,3252.1
N0420,mid_market,2027Q2,green,65889.05
N0421,enterprise,2027Q2,green,103205.77
N0422,mid_market,2027Q2,yellow,67558.11
N0423,mid_market,2027Q2,red,55810.32
N0424,smb,2027Q2,yellow,2814.65
N0425,mid_market,2027Q2,green,48866.6
N0426,smb,2027Q2,yellow,10170.98
N0427,enterprise,2027Q2,yellow,162483.51
N0428,smb,2027Q2,green,6749.67
N0429,enterprise,2027Q2,green,212114.49
N0430,enterprise,2027Q2,red,287545.89
N0431,smb,2027Q2,green,3467.39
N0432,smb,2027Q2,yellow,12795.45
N0433,mid_market,2027Q2,yellow,15308.1
N0434,smb,2027Q2,yellow,6109.11
N0435,mid_market,2027Q2,yellow,66053.3
N0436,smb,2027Q2,green,3855.33
N0437,mid_market,2027Q2,green,41464.81
N0438,mid_market,2027Q2,green,23671.18
N0439,mid_market,2027Q2,green,51852.22
N0440,mid_market,2027Q2,red,63733.45
N0441,enterprise,2027Q2,green,129100.81
