deal_id,segment,close_date,days_to_quarter_end,list_price,standard_discount,negotiated_discount,realized_price
D0001,enterprise,2026-01-16,74,269740.92,16184.46,40985.94,212570.52
D0002,mid_market,2025-07-11,81,53712.49,2148.5,6539.42,45024.57
D0003,smb,2026-04-14,77,8447.61,168.95,487.79,7790.87
D0004,mid_market,2025-07-02,90,82678.5,3307.14,8736.36,70635.0
D0005,smb,2026-04-09,82,5339.67,106.79,142.05,5090.83
D0006,smb,2026-06-27,3,17111.71,342.23,2685.43,14084.05
D0007,smb,2026-04-20,71,13144.13,262.88,901.05,11980.2
D0008,smb,2025-08-01,60,12095.92,241.92,693.32,11160.68
D0009,mid_market,2025-08-04,57,61697.83,2467.91,7890.19,51339.73
D0010,mid_market,2026-04-21,70,88642.47,3545.7,14545.38,70551.39
D0011,smb,2025-12-25,6,13695.26,273.91,1438.87,11982.48
D0012,mid_market,2025-11-29,32,32499.28,1299.97,2858.49,28340.82
D0013,mid_market,2026-05-01,60,61451.16,2458.05,4156.83,54836.28
D0014,smb,2026-01-27,63,12844.72,256.89,740.32,11847.51
D0015,mid_market,2026-06-25,5,66510.54,2660.42,13558.91,50291.21
D0016,mid_market,2025-07-18,74,20549.01,821.96,1770.35,17956.7
D0017,mid_market,2026-05-15,46,78672.08,3146.88,8471.51,67053.69
D0018,mid_market,2026-06-16,14,32188.01,1287.52,4575.14,26325.35
D0019,smb,2025-11-09,52,18529.29,370.59,1426.54,16732.16
D0020,mid_market,2026-04-13,78,54606.25,2184.25,3346.27,49075.73
D0021,mid_market,2025-07-22,70,83499.78,3339.99,10173.61,69986.18
D0022,mid_market,2026-06-25,5,59113.33,2364.53,6752.25,49996.55
D0023,mid_market,2026-06-11,19,85389.0,3415.56,11103.27,70870.17
D0024,mid_market,2026-04-23,68,69143.9,2765.76,8601.77,57776.37
D0025,enterprise,2025-10-02,90,221475.89,13288.55,29039.14,179148.2
D0026,enterprise,2026-04-23,68,299436.77,17966.21,47793.54,233677.02
D0027,enterprise,2026-03-02,29,176315.62,10578.94,17705.51,148031.17
D0028,mid_market,2025-10-15,77,24183.44,967.34,1704.05,21512.05
D0029,mid_market,2026-02-24,35,31912.69,1276.51,1395.67,29240.51
D0030,enterprise,2026-02-18,41,131675.4,7900.52,16263.64,107511.24
D0031,enterprise,2025-07-11,81,137119.06,8227.14,10621.7,118270.22
D0032,mid_market,2026-04-02,89,64462.16,2578.49,6893.02,54990.65
D0033,mid_market,2025-11-24,37,30106.03,1204.24,1997.0,26904.79
D0034,enterprise,2026-03-13,18,304388.44,18263.31,46463.3,239661.83
D0035,mid_market,2025-08-26,35,66794.98,2671.8,7852.54,56270.64
D0036,mid_market,2026-05-25,36,41813.18,1672.53,3553.9,36586.75
D0037,mid_market,2025-08-23,38,39446.18,1577.85,3925.1,33943.23
D0038,enterprise,2026-03-18,13,393115.83,23586.95,86656.68,282872.2
D0039,mid_market,2025-12-30,1,33148.5,1325.94,5330.86,26491.7
D0040,mid_market,2026-06-29,1,82076.52,3283.06,14220.03,64573.43
D0041,mid_market,2026-04-20,71,38520.6,1540.82,1917.39,35062.39
D0042,mid_market,2025-11-15,46,48314.22,1932.57,3168.78,43212.87
D0043,mid_market,2025-10-26,66,76285.51,3051.42,7852.93,65381.16
D0044,smb,2026-02-01,58,12819.05,256.38,1049.54,11513.13
D0045,smb,2025-08-10,51,11785.54,235.71,960.7,10589.13
D0046,mid_market,2025-11-13,48,57430.67,2297.23,6004.62,49128.82
D0047,enterprise,2026-02-17,42,351219.83,21073.19,37210.0,292936.64
D0048,mid_market,2025-09-07,23,61793.75,2471.75,4275.7,55046.3
D0049,mid_market,2026-03-02,29,36813.86,1472.55,1841.25,33500.06
D0050,mid_market,2025-10-23,69,54387.49,2175.5,4498.6,47713.39
D0051,enterprise,2026-03-27,4,318841.32,19130.48,57022.83,242688.01
D0052,enterprise,2026-03-23,8,217957.15,13077.43,42168.02,162711.7
D0053,smb,2025-12-19,12,8825.52,176.51,908.77,7740.24
D0054,smb,2026-05-19,42,5623.95,112.48,157.28,5354.19
D0055,enterprise,2026-05-17,44,303173.46,18190.41,35874.96,249108.09
D0056,smb,2025-12-23,8,9328.17,186.56,1316.56,7825.05
D0057,mid_market,2026-01-23,67,37437.2,1497.49,1761.52,34178.19
D0058,mid_market,2025-12-28,3,39501.07,1580.04,5082.53,32838.5
D0059,mid_market,2026-04-04,87,89924.11,3596.96,8922.51,77404.64
D0060,smb,2026-04-02,89,6906.09,138.12,403.09,6364.88
D0061,smb,2026-02-25,34,11345.02,226.9,557.02,10561.1
D0062,smb,2026-01-01,89,19731.75,394.63,1867.53,17469.59
D0063,smb,2026-01-21,69,17857.73,357.15,1719.55,15781.03
D0064,enterprise,2026-06-22,8,164483.63,9869.02,26852.68,127761.93
D0065,mid_market,2025-07-26,66,59366.46,2374.66,6347.29,50644.51
D0066,mid_market,2025-09-12,18,39797.84,1591.91,2461.12,35744.81
D0067,mid_market,2026-01-03,87,63308.93,2532.36,7048.71,53727.86
D0068,mid_market,2025-08-13,48,21342.31,853.69,910.35,19578.27
D0069,smb,2026-01-27,63,8242.94,164.86,321.87,7756.21
D0070,smb,2026-06-15,15,18212.69,364.25,1495.38,16353.06
D0071,mid_market,2025-11-26,35,51849.15,2073.97,3945.31,45829.87
D0072,smb,2025-09-21,9,15557.14,311.14,1676.24,13569.76
D0073,enterprise,2025-11-12,49,335783.79,20147.03,31330.11,284306.65
D0074,mid_market,2025-10-14,78,79360.53,3174.42,9784.74,66401.37
D0075,smb,2025-07-20,72,9470.14,189.4,596.06,8684.68
D0076,mid_market,2025-09-06,24,37082.34,1483.29,3180.46,32418.59
D0077,smb,2026-04-04,87,13988.66,279.77,976.9,12731.99
D0078,enterprise,2026-04-07,84,184919.34,11095.16,13749.47,160074.71
D0079,smb,2025-11-21,40,8457.72,169.15,340.72,7947.85
D0080,smb,2026-03-19,12,14558.95,291.18,2131.65,12136.12
D0081,mid_market,2025-08-27,34,58293.19,2331.73,7263.98,48697.48
D0082,smb,2025-07-12,80,14991.43,299.83,1288.92,13402.68
D0083,smb,2026-03-28,3,19445.82,388.92,2904.59,16152.31
D0084,mid_market,2025-11-08,53,69310.85,2772.43,7622.02,58916.4
D0085,smb,2025-10-06,86,11185.51,223.71,498.92,10462.88
D0086,mid_market,2025-10-25,67,26405.75,1056.23,986.21,24363.31
D0087,smb,2025-12-10,21,11148.77,222.98,677.99,10247.8
D0088,smb,2026-03-02,29,12690.15,253.8,792.76,11643.59
D0089,enterprise,2026-03-03,28,345791.79,20747.51,57406.94,267637.34
D0090,mid_market,2025-10-09,83,47267.1,1890.68,2431.15,42945.27
D0091,mid_market,2026-05-23,38,25741.42,1029.66,2561.89,22149.87
D0092,smb,2026-06-01,29,11391.98,227.84,810.82,10353.32
D0093,smb,2025-12-01,30,17781.13,355.62,1578.18,15847.33
D0094,enterprise,2026-03-08,23,147664.11,8859.85,8270.2,130534.06
D0095,smb,2026-04-10,81,18407.22,368.14,1425.02,16614.06
D0096,mid_market,2026-02-14,45,70404.64,2816.19,6883.18,60705.27
D0097,mid_market,2025-12-02,29,43892.53,1755.7,5093.59,37043.24
D0098,smb,2026-04-01,90,18798.1,375.96,1903.82,16518.32
D0099,enterprise,2026-05-01,60,100595.0,6035.7,5788.68,88770.62
D0100,mid_market,2025-08-19,42,53407.03,2136.28,5082.81,46187.94
D0101,smb,2025-08-08,53,18734.19,374.68,1922.48,16437.03
D0102,mid_market,2026-05-05,56,34349.38,1373.98,2271.54,30703.86
D0103,mid_market,2026-03-22,9,63236.14,2529.45,9518.09,51188.6
D0104,smb,2025-07-30,62,18910.87,378.22,1925.93,16606.72
D0105,smb,2025-10-14,78,6146.87,122.94,348.28,5675.65
D0106,smb,2025-08-16,45,9698.59,193.97,417.08,9087.54
D0107,enterprise,2026-01-10,80,168777.4,10126.64,21753.95,136896.81
D0108,smb,2025-11-05,56,17421.27,348.43,1604.76,15468.08
D0109,mid_market,2025-07-20,72,42930.53,1717.22,4348.08,36865.23
D0110,smb,2025-08-15,46,7181.19,143.62,421.13,6616.44
D0111,mid_market,2025-09-20,10,43754.06,1750.16,6925.45,35078.45
D0112,smb,2026-03-25,6,12358.01,247.16,1279.84,10831.01
D0113,mid_market,2025-09-11,19,58966.24,2358.65,3716.36,52891.23
D0114,mid_market,2026-06-12,18,89510.02,3580.4,12270.86,73658.76
D0115,mid_market,2026-06-26,4,41754.12,1670.16,6289.83,33794.13
D0116,smb,2025-07-25,67,16210.5,324.21,1126.88,14759.41
D0117,enterprise,2026-02-21,38,209616.6,12577.0,28318.55,168721.05
D0118,smb,2026-05-06,55,8830.2,176.6,329.46,8324.14
D0119,mid_market,2025-12-20,11,23520.37,940.81,3050.09,19529.47
D0120,mid_market,2025-10-20,72,81393.49,3255.74,7502.25,70635.5
D0121,smb,2026-01-18,72,10897.98,217.96,589.14,10090.88
D0122,mid_market,2026-05-15,46,26008.9,1040.36,2495.2,22473.34
D0123,smb,2025-10-15,77,17974.21,359.48,1780.1,15834.63
D0124,smb,2025-12-11,20,4109.88,82.2,187.13,3840.55
D0125,smb,2025-12-30,1,9956.98,199.14,1443.97,8313.87
D0126,smb,2025-07-16,76,4313.35,86.27,74.66,4152.42
D0127,smb,2026-01-09,81,18569.12,371.38,2024.74,16173.0
D0128,smb,2025-12-05,26,6562.23,131.24,211.46,6219.53
D0129,smb,2025-08-26,35,17664.29,353.29,1874.57,15436.43
D0130,smb,2025-12-22,9,19992.4,399.85,2869.42,16723.13
D0131,mid_market,2025-09-24,6,88483.52,3539.34,16510.75,68433.43
D0132,mid_market,2026-06-29,1,75390.52,3015.62,12471.71,59903.19
D0133,mid_market,2025-11-11,50,41199.54,1647.98,3532.45,36019.11
D0134,smb,2025-12-12,19,14352.66,287.05,1083.77,12981.84
D0135,mid_market,2026-01-27,63,44442.56,1777.7,3721.6,38943.26
D0136,mid_market,2025-07-08,84,76456.49,3058.26,6546.07,66852.16
D0137,enterprise,2025-07-15,77,322234.05,19334.04,53121.03,249778.98
D0138,mid_market,2026-02-12,47,22665.48,906.62,836.95,20921.91
D0139,mid_market,2025-07-04,88,68619.28,2744.77,7195.88,58678.63
D0140,smb,2025-10-24,68,12323.11,246.46,646.62,11430.03
D0141,smb,2025-09-08,22,18891.57,377.83,1917.82,16595.92
D0142,mid_market,2025-07-28,64,76346.34,3053.85,9583.91,63708.58
D0143,mid_market,2026-02-15,44,52247.96,2089.92,5764.39,44393.65
D0144,smb,2026-03-27,4,18609.73,372.19,3178.17,15059.37
D0145,smb,2025-09-03,27,17751.54,355.03,1587.38,15809.13
D0146,mid_market,2025-09-08,22,42576.7,1703.07,4574.87,36298.76
D0147,enterprise,2026-05-27,34,141577.88,8494.67,21299.42,111783.79
D0148,enterprise,2025-10-22,70,386912.87,23214.77,40883.51,322814.59
D0149,mid_market,2025-09-26,4,74344.38,2973.78,13779.93,57590.67
D0150,mid_market,2025-11-28,33,48885.56,1955.42,2592.38,44337.76
D0151,smb,2025-07-12,80,18388.22,367.76,1905.0,16115.46
D0152,mid_market,2026-03-24,7,63894.47,2555.78,11720.06,49618.63
D0153,enterprise,2025-11-01,60,293521.51,17611.29,36634.63,239275.59
D0154,smb,2026-06-17,13,11195.77,223.92,1065.43,9906.42
D0155,mid_market,2025-08-28,33,60969.82,2438.79,7585.13,50945.9
D0156,smb,2025-08-24,37,18107.53,362.15,1802.9,15942.48
D0157,mid_market,2026-06-10,20,59838.66,2393.55,5863.77,51581.34
D0158,smb,2026-03-25,6,19692.33,393.85,3366.83,15931.65
D0159,smb,2026-03-29,2,18867.28,377.35,2633.62,15856.31
D0160,mid_market,2026-06-30,0,30767.07,1230.68,4719.37,24817.02
D0161,smb,2026-01-07,83,15840.23,316.8,1486.16,14037.27
D0162,enterprise,2025-08-16,45,291792.47,17507.55,48210.72,226074.2
D0163,smb,2026-03-14,17,9377.37,187.55,352.65,8837.17
D0164,enterprise,2026-05-18,43,98885.0,5933.1,11907.93,81043.97
D0165,enterprise,2026-05-27,34,103877.77,6232.67,15229.13,82415.97
D0166,enterprise,2025-12-12,19,245997.47,14759.85,24191.95,207045.67
D0167,smb,2026-05-14,47,14469.34,289.39,1348.27,12831.68
D0168,smb,2025-09-17,13,13732.61,274.65,2131.93,11326.03
D0169,mid_market,2026-02-08,51,68712.73,2748.51,8627.57,57336.65
D0170,mid_market,2025-12-05,26,55066.91,2202.68,4731.85,48132.38
D0171,smb,2026-01-14,76,15232.01,304.64,948.53,13978.84
D0172,smb,2026-01-19,71,19768.33,395.37,2117.85,17255.11
D0173,enterprise,2025-12-16,15,346431.68,20785.9,40796.14,284849.64
D0174,mid_market,2025-12-26,5,70378.72,2815.15,13080.99,54482.58
D0175,mid_market,2025-08-07,54,78784.48,3151.38,7661.69,67971.41
D0176,mid_market,2025-07-26,66,82640.26,3305.61,9590.51,69744.14
D0177,enterprise,2026-05-14,47,128185.8,7691.15,5695.97,114798.68
D0178,smb,2026-03-24,7,10200.65,204.01,1178.7,8817.94
D0179,smb,2025-08-30,31,4665.89,93.32,237.45,4335.12
D0180,mid_market,2025-10-03,89,29532.31,1181.29,1116.29,27234.73
D0181,mid_market,2025-11-11,50,72000.88,2880.04,8467.31,60653.53
D0182,mid_market,2026-01-06,84,78752.78,3150.11,9771.08,65831.59
D0183,mid_market,2026-02-23,36,71867.24,2874.69,9169.04,59823.51
D0184,mid_market,2025-12-27,4,30157.27,1206.29,3632.62,25318.36
D0185,smb,2025-10-29,63,5830.53,116.61,156.01,5557.91
D0186,mid_market,2025-09-29,1,30464.13,1218.57,5118.7,24126.86
D0187,smb,2026-06-20,10,4767.39,95.35,425.82,4246.22
D0188,enterprise,2025-12-22,9,302186.17,18131.17,66113.8,217941.2
D0189,smb,2025-10-28,64,19303.07,386.06,1972.15,16944.86
D0190,mid_market,2026-02-06,53,58314.23,2332.57,4653.05,51328.61
D0191,mid_market,2025-10-16,76,58905.12,2356.2,5140.76,51408.16
D0192,mid_market,2026-04-17,74,20773.18,830.93,858.3,19083.95
D0193,mid_market,2025-11-18,43,25979.83,1039.19,993.1,23947.54
D0194,enterprise,2025-09-18,12,313461.37,18807.68,62066.75,232586.94
D0195,smb,2026-05-12,49,18830.44,376.61,2015.09,16438.74
D0196,smb,2025-12-05,26,5079.81,101.6,121.75,4856.46
D0197,smb,2025-08-29,32,7780.0,155.6,318.93,7305.47
D0198,mid_market,2026-04-01,90,81118.78,3244.75,8650.7,69223.33
D0199,smb,2025-09-09,21,6977.82,139.56,338.86,6499.4
D0200,mid_market,2026-05-15,46,57255.1,2290.2,7611.97,47352.93
D0201,enterprise,2026-02-03,56,401601.18,24096.07,83463.32,294041.79
D0202,mid_market,2026-01-15,75,80404.14,3216.17,7308.69,69879.28
D0203,mid_market,2025-12-05,26,71421.69,2856.87,6341.8,62223.02
D0204,mid_market,2026-06-07,23,85842.11,3433.68,8835.26,73573.17
D0205,mid_market,2025-11-30,31,28689.86,1147.59,1620.57,25921.7
D0206,enterprise,2025-11-01,60,220160.88,13209.65,36832.0,170119.23
D0207,smb,2026-03-27,4,11922.3,238.45,1638.16,10045.69
D0208,smb,2025-07-26,66,7039.55,140.79,276.53,6622.23
D0209,smb,2026-02-21,38,11511.35,230.23,883.53,10397.59
D0210,mid_market,2026-05-21,40,72130.64,2885.23,6046.89,63198.52
D0211,smb,2025-09-21,9,11362.46,227.25,1834.66,9300.55
D0212,enterprise,2026-05-10,51,110954.56,6657.27,7954.48,96342.81
D0213,enterprise,2026-03-28,3,315593.75,18935.62,53338.33,243319.8
D0214,smb,2026-05-18,43,18636.11,372.72,1491.06,16772.33
D0215,smb,2026-01-22,68,4396.31,87.93,186.98,4121.4
D0216,enterprise,2025-08-27,34,272879.31,16372.76,34321.2,222185.35
D0217,smb,2026-02-15,44,17095.01,341.9,1757.69,14995.42
D0218,enterprise,2025-10-08,84,95596.08,5735.76,13074.94,76785.38
D0219,mid_market,2025-12-29,2,88505.63,3540.23,20331.52,64633.88
D0220,enterprise,2025-11-22,39,297368.93,17842.14,24375.27,255151.52
D0221,enterprise,2025-08-17,44,98340.37,5900.42,4858.14,87581.81
D0222,enterprise,2026-03-16,15,128579.47,7714.77,12947.85,107916.85
D0223,mid_market,2025-07-31,61,80584.68,3223.39,9947.96,67413.33
D0224,smb,2026-06-25,5,13053.56,261.07,1770.37,11022.12
D0225,enterprise,2026-02-20,39,397962.24,23877.73,57644.9,316439.61
D0226,smb,2026-06-16,14,13797.16,275.94,1371.55,12149.67
D0227,smb,2025-10-05,87,4371.94,87.44,144.6,4139.9
D0228,smb,2025-10-17,75,19747.16,394.94,1966.09,17386.13
D0229,smb,2025-08-26,35,6089.57,121.79,280.32,5687.46
D0230,smb,2025-08-29,32,8223.04,164.46,267.44,7791.14
D0231,mid_market,2025-11-12,49,81793.27,3271.73,10298.82,68222.72
D0232,enterprise,2026-04-29,62,197601.07,11856.06,21627.26,164117.75
D0233,smb,2026-04-14,77,19759.84,395.2,1862.41,17502.23
D0234,mid_market,2026-04-02,89,65402.2,2616.09,7563.29,55222.82
D0235,smb,2025-12-27,4,14800.64,296.01,1913.5,12591.13
D0236,mid_market,2026-05-03,58,88247.17,3529.89,8285.29,76431.99
D0237,enterprise,2025-07-26,66,115967.91,6958.07,6760.29,102249.55
D0238,mid_market,2025-08-06,55,66333.63,2653.35,8133.33,55546.95
D0239,mid_market,2026-02-12,47,20052.05,802.08,1647.48,17602.49
D0240,smb,2025-09-29,1,5668.11,113.36,722.03,4832.72
D0241,mid_market,2026-06-22,8,54854.19,2194.17,6571.14,46088.88
D0242,mid_market,2026-06-12,18,61144.29,2445.77,6938.11,51760.41
D0243,enterprise,2025-11-01,60,134797.4,8087.84,13876.3,112833.26
D0244,mid_market,2025-11-29,32,56542.08,2261.68,4076.14,50204.26
D0245,mid_market,2025-08-05,56,63170.91,2526.84,8290.36,52353.71
D0246,smb,2026-04-16,75,9595.32,191.91,675.21,8728.2
D0247,mid_market,2025-07-09,83,63364.16,2534.57,7944.66,52884.93
D0248,mid_market,2025-07-09,83,31233.57,1249.34,1247.63,28736.6
D0249,mid_market,2026-03-21,10,89984.15,3599.37,20301.44,66083.34
D0250,smb,2025-12-25,6,9043.3,180.87,815.13,8047.3
D0251,mid_market,2026-06-24,6,58783.18,2351.33,11033.32,45398.53
D0252,mid_market,2026-05-11,50,41285.94,1651.44,4357.07,35277.43
D0253,mid_market,2025-09-20,10,43426.02,1737.04,6866.27,34822.71
D0254,smb,2025-11-01,60,9014.48,180.29,462.1,8372.09
D0255,smb,2026-05-20,41,12381.16,247.62,977.75,11155.79
D0256,smb,2026-05-31,30,9013.2,180.26,437.5,8395.44
D0257,mid_market,2025-09-11,19,26548.53,1061.94,1298.39,24188.2
D0258,enterprise,2026-05-16,45,287975.78,17278.55,28469.09,242228.14
D0259,mid_market,2025-09-19,11,89432.12,3577.28,15894.11,69960.73
D0260,enterprise,2026-06-15,15,265866.19,15951.97,39676.94,210237.28
D0261,mid_market,2025-12-10,21,25535.45,1021.42,1050.56,23463.47
D0262,smb,2025-07-07,85,17500.85,350.02,1608.9,15541.93
D0263,smb,2026-06-02,28,10340.51,206.81,627.85,9505.85
D0264,mid_market,2026-03-05,26,78577.14,3143.09,10924.86,64509.19
D0265,smb,2026-02-14,45,19377.98,387.56,1861.28,17129.14
D0266,mid_market,2025-09-23,7,77021.0,3080.84,14017.31,59922.85
D0267,mid_market,2026-05-29,32,20770.44,830.82,1798.0,18141.62
D0268,smb,2026-01-16,74,4854.17,97.08,95.28,4661.81
D0269,enterprise,2025-07-12,80,333839.13,20030.35,63552.0,250256.78
D0270,mid_market,2026-03-28,3,39917.92,1596.72,7557.55,30763.65
D0271,enterprise,2025-09-02,28,229296.15,13757.77,34952.43,180585.95
D0272,smb,2026-01-29,61,9716.14,194.32,382.79,9139.03
D0273,mid_market,2026-06-05,25,42672.35,1706.89,2672.72,38292.74
D0274,smb,2026-04-14,77,10732.94,214.66,497.02,10021.26
D0275,smb,2026-06-11,19,12761.4,255.23,710.73,11795.44
D0276,mid_market,2026-04-28,63,49699.5,1987.98,3315.4,44396.12
D0277,enterprise,2025-08-07,54,205540.84,12332.45,19778.73,173429.66
D0278,mid_market,2026-05-15,46,54886.03,2195.44,6247.36,46443.23
D0279,enterprise,2026-04-14,77,380775.38,22846.52,69539.59,288389.27
D0280,smb,2026-02-08,51,9912.12,198.24,479.29,9234.59
D0281,enterprise,2026-04-30,61,288366.16,17301.97,40089.51,230974.68
D0282,enterprise,2026-01-26,64,222755.42,13365.33,19909.39,189480.7
D0283,smb,2026-05-21,40,5589.5,111.79,274.07,5203.64
D0284,mid_market,2026-06-12,18,24415.53,976.62,2259.76,21179.15
D0285,enterprise,2026-05-26,35,120222.11,7213.33,8740.4,104268.38
D0286,smb,2025-11-14,47,9922.34,198.45,469.85,9254.04
D0287,mid_market,2025-11-28,33,42838.48,1713.54,2740.59,38384.35
D0288,mid_market,2026-02-21,38,28402.57,1136.1,2653.31,24613.16
D0289,smb,2025-08-26,35,8005.17,160.1,263.78,7581.29
D0290,mid_market,2025-09-29,1,44839.27,1793.57,4549.94,38495.76
D0291,smb,2026-06-29,1,14510.69,290.21,2027.83,12192.65
D0292,enterprise,2025-12-11,20,291968.24,17518.09,52932.36,221517.79
D0293,mid_market,2026-06-06,24,51032.25,2041.29,6156.23,42834.73
D0294,enterprise,2026-03-23,8,102018.2,6121.09,16274.92,79622.19
D0295,mid_market,2026-04-23,68,22537.77,901.51,867.82,20768.44
D0296,mid_market,2025-12-10,21,65337.63,2613.51,6040.24,56683.88
D0297,mid_market,2025-09-29,1,79390.49,3175.62,12434.93,63779.94
D0298,smb,2026-06-05,25,16013.33,320.27,1453.27,14239.79
D0299,smb,2025-12-11,20,6196.08,123.92,147.83,5924.33
D0300,enterprise,2026-04-01,90,271284.35,16277.06,23747.29,231260.0
D0301,mid_market,2025-09-14,16,45162.84,1806.51,3770.25,39586.08
D0302,mid_market,2026-06-04,26,32996.22,1319.85,2126.78,29549.59
D0303,smb,2025-11-16,45,18802.0,376.04,1458.12,16967.84
D0304,smb,2026-02-28,31,6897.2,137.94,290.43,6468.83
D0305,smb,2025-12-24,7,4059.02,81.18,443.22,3534.62
D0306,mid_market,2026-06-22,8,54526.72,2181.07,7660.68,44684.97
D0307,mid_market,2025-10-27,65,72173.25,2886.93,10300.97,58985.35
D0308,smb,2026-06-19,11,10709.68,214.19,1061.55,9433.94
D0309,mid_market,2026-02-20,39,82875.94,3315.04,11677.78,67883.12
D0310,smb,2025-07-19,73,9753.57,195.07,564.94,8993.56
D0311,mid_market,2026-03-05,26,52341.65,2093.67,4349.96,45898.02
D0312,enterprise,2026-02-28,31,381884.16,22913.05,48512.36,310458.75
D0313,smb,2025-12-12,19,6201.98,124.04,220.53,5857.41
D0314,smb,2025-12-02,29,11190.45,223.81,817.01,10149.63
D0315,smb,2025-09-21,9,19960.94,399.22,3110.83,16450.89
D0316,enterprise,2026-04-15,76,326072.88,19564.37,31929.16,274579.35
D0317,enterprise,2025-09-10,20,380853.85,22851.23,40085.73,317916.89
D0318,mid_market,2026-06-08,22,41536.07,1661.44,3252.19,36622.44
D0319,mid_market,2025-09-13,17,20182.81,807.31,1887.88,17487.62
D0320,mid_market,2025-08-06,55,79391.74,3175.67,10384.12,65831.95
D0321,mid_market,2025-09-23,7,54500.47,2180.02,11034.58,41285.87
D0322,enterprise,2026-04-29,62,392838.0,23570.28,65099.78,304167.94
D0323,enterprise,2025-10-20,72,312974.91,18778.49,43720.47,250475.95
D0324,mid_market,2025-08-24,37,83848.87,3353.95,9215.07,71279.85
D0325,smb,2025-08-24,37,14090.81,281.82,1040.53,12768.46
D0326,smb,2026-02-16,43,13008.28,260.17,1006.23,11741.88
D0327,smb,2025-10-02,90,9706.08,194.12,450.09,9061.87
D0328,smb,2026-06-29,1,11106.18,222.12,1535.82,9348.24
D0329,mid_market,2026-01-25,65,55405.87,2216.23,4091.33,49098.31
D0330,mid_market,2025-07-16,76,22053.39,882.14,2147.21,19024.04
D0331,mid_market,2025-10-10,82,70685.56,2827.42,6662.01,61196.13
D0332,enterprise,2026-03-22,9,379453.11,22767.19,83614.6,273071.32
D0333,smb,2026-05-18,43,17538.88,350.78,1265.3,15922.8
D0334,mid_market,2025-12-25,6,59775.21,2391.01,7877.45,49506.75
D0335,enterprise,2026-03-02,29,305469.53,18328.17,25892.82,261248.54
D0336,smb,2026-05-09,52,18063.41,361.27,1889.7,15812.44
D0337,mid_market,2025-11-19,42,51398.04,2055.92,5818.38,43523.74
D0338,smb,2025-11-15,46,16258.02,325.16,1210.23,14722.63
D0339,mid_market,2025-12-02,29,67741.31,2709.65,7594.85,57436.81
D0340,enterprise,2025-12-19,12,329511.45,19770.69,75439.01,234301.75
D0341,smb,2025-11-21,40,14616.56,292.33,1307.74,13016.49
D0342,smb,2026-05-31,30,8204.35,164.09,297.84,7742.42
D0343,smb,2026-04-01,90,14819.17,296.38,1399.77,13123.02
D0344,mid_market,2026-03-23,8,36562.23,1462.49,4816.06,30283.68
D0345,enterprise,2025-11-18,43,350072.18,21004.33,66782.81,262285.04
D0346,smb,2026-04-10,81,11889.98,237.8,978.48,10673.7
D0347,enterprise,2025-12-29,2,364165.18,21849.91,88760.12,253555.15
D0348,mid_market,2026-01-11,79,66151.18,2646.05,7779.11,55726.02
D0349,smb,2025-11-27,34,15552.53,311.05,1088.17,14153.31
D0350,enterprise,2025-09-27,3,168174.33,10090.46,20914.06,137169.81
D0351,smb,2026-03-09,22,6675.47,133.51,319.06,6222.9
D0352,mid_market,2026-05-06,55,88421.28,3536.85,8961.68,75922.75
D0353,enterprise,2026-02-10,49,282999.18,16979.95,40761.33,225257.9
D0354,enterprise,2026-03-16,15,160524.8,9631.49,13627.73,137265.58
D0355,enterprise,2026-04-25,66,223997.25,13439.83,17638.49,192918.93
D0356,smb,2025-07-03,89,9881.79,197.64,494.91,9189.24
D0357,smb,2025-08-06,55,4928.16,98.56,146.72,4682.88
D0358,enterprise,2026-01-05,85,129523.29,7771.4,7932.99,113818.9
D0359,enterprise,2025-09-19,11,298032.33,17881.94,44291.68,235858.71
D0360,smb,2026-01-25,65,16208.85,324.18,1328.17,14556.5
D0361,mid_market,2025-08-25,36,26698.06,1067.92,1304.49,24325.65
D0362,mid_market,2026-03-20,11,32016.38,1280.66,4409.95,26325.77
D0363,mid_market,2025-07-29,63,82771.0,3310.84,8532.91,70927.25
D0364,mid_market,2025-11-07,54,47456.74,1898.27,5507.27,40051.2
D0365,smb,2026-02-09,50,6098.53,121.97,228.31,5748.25
D0366,smb,2026-05-03,58,14754.39,295.09,1169.56,13289.74
D0367,smb,2026-02-15,44,18579.04,371.58,1520.21,16687.25
D0368,mid_market,2025-12-19,12,76469.16,3058.77,13802.9,59607.49
D0369,enterprise,2025-11-06,55,155916.85,9355.01,24447.73,122114.11
D0370,enterprise,2025-07-23,69,399719.31,23983.16,59045.65,316690.5
D0371,mid_market,2025-08-12,49,47527.65,1901.11,3244.2,42382.34
D0372,mid_market,2026-05-07,54,67486.95,2699.48,5659.18,59128.29
D0373,smb,2025-09-08,22,10112.67,202.25,625.22,9285.2
D0374,smb,2025-11-16,45,18283.74,365.67,1543.66,16374.41
D0375,smb,2026-06-17,13,9593.27,191.87,1280.41,8120.99
D0376,enterprise,2025-11-05,56,247522.11,14851.33,28609.35,204061.43
D0377,smb,2025-09-05,25,10380.32,207.61,692.79,9479.92
D0378,smb,2025-09-01,29,14026.87,280.54,1170.75,12575.58
D0379,smb,2025-08-19,42,17181.76,343.64,1427.34,15410.78
D0380,mid_market,2026-02-26,33,73131.48,2925.26,8457.03,61749.19
D0381,mid_market,2025-09-09,21,69506.38,2780.26,5466.88,61259.24
D0382,mid_market,2025-08-12,49,41728.77,1669.15,3285.16,36774.46
D0383,enterprise,2025-10-08,84,271049.61,16262.98,21207.54,233579.09
D0384,smb,2026-03-10,21,6912.39,138.25,186.36,6587.78
D0385,mid_market,2026-02-23,36,26744.42,1069.78,2017.31,23657.33
D0386,smb,2025-11-06,55,5351.26,107.03,258.86,4985.37
D0387,smb,2026-01-16,74,5557.42,111.15,166.97,5279.3
D0388,smb,2025-08-16,45,16730.94,334.62,1637.84,14758.48
D0389,mid_market,2026-02-02,57,29975.27,1199.01,2527.83,26248.43
D0390,mid_market,2025-08-10,51,33823.54,1352.94,2362.33,30108.27
D0391,mid_market,2025-12-28,3,29143.06,1165.72,3185.12,24792.22
D0392,smb,2026-01-14,76,19675.27,393.51,2080.0,17201.76
D0393,smb,2026-04-30,61,17964.85,359.3,1746.14,15859.41
D0394,smb,2026-05-28,33,11442.46,228.85,594.03,10619.58
D0395,mid_market,2026-04-21,70,76970.84,3078.83,7172.64,66719.37
D0396,mid_market,2026-06-26,4,47493.28,1899.73,6710.77,38882.78
D0397,mid_market,2026-06-16,14,22103.78,884.15,2586.38,18633.25
D0398,mid_market,2026-06-08,22,75207.27,3008.29,7166.02,65032.96
D0399,smb,2025-09-04,26,8494.08,169.88,540.55,7783.65
D0400,mid_market,2026-01-26,64,24377.1,975.08,1612.94,21789.08
D0401,mid_market,2025-07-19,73,64720.75,2588.83,4556.82,57575.1
D0402,enterprise,2025-10-24,68,356760.45,21405.63,53329.4,282025.42
D0403,smb,2026-05-07,54,5982.13,119.64,263.63,5598.86
D0404,mid_market,2026-01-01,89,46481.93,1859.28,4589.73,40032.92
D0405,mid_market,2026-02-26,33,29928.2,1197.13,3045.62,25685.45
D0406,smb,2025-08-27,34,8220.05,164.4,530.13,7525.52
D0407,enterprise,2026-04-23,68,239391.63,14363.5,29544.64,195483.49
D0408,mid_market,2025-11-27,34,82400.6,3296.02,8183.87,70920.71
D0409,mid_market,2026-04-25,66,89400.58,3576.02,13459.36,72365.2
D0410,mid_market,2025-08-30,31,74857.26,2994.29,7596.44,64266.53
D0411,smb,2026-04-17,74,13703.67,274.07,945.44,12484.16
D0412,mid_market,2026-03-21,10,85998.7,3439.95,14506.3,68052.45
D0413,mid_market,2025-07-15,77,75988.78,3039.55,8577.59,64371.64
D0414,smb,2025-11-07,54,6619.55,132.39,343.19,6143.97
D0415,enterprise,2026-01-30,60,181115.92,10866.96,21842.73,148406.23
D0416,mid_market,2026-06-15,15,67061.26,2682.45,8186.58,56192.23
D0417,mid_market,2026-03-20,11,80430.35,3217.21,14111.05,63102.09
D0418,mid_market,2026-02-19,40,87517.06,3500.68,11538.83,72477.55
D0419,mid_market,2025-12-26,5,43346.25,1733.85,6306.62,35305.78
D0420,enterprise,2026-03-09,22,161709.56,9702.57,21678.77,130328.22
D0421,mid_market,2026-03-20,11,62159.75,2486.39,10182.75,49490.61
D0422,smb,2026-02-03,56,17146.91,342.94,1274.19,15529.78
D0423,mid_market,2026-01-24,66,82655.85,3306.23,11900.72,67448.9
D0424,smb,2025-07-22,70,17904.93,358.1,1711.38,15835.45
D0425,enterprise,2025-10-06,86,359514.87,21570.89,52895.61,285048.37
D0426,mid_market,2026-05-04,57,20659.71,826.39,760.14,19073.18
D0427,smb,2025-11-18,43,16025.67,320.51,1275.24,14429.92
D0428,enterprise,2026-01-14,76,339789.93,20387.4,59050.38,260352.15
D0429,mid_market,2026-03-24,7,75138.89,3005.56,16426.01,55707.32
D0430,smb,2026-06-09,21,12027.57,240.55,711.94,11075.08
D0431,enterprise,2026-02-07,52,406841.74,24410.5,81709.3,300721.94
D0432,enterprise,2026-04-27,64,252404.42,15144.27,28160.56,209099.59
D0433,smb,2025-11-14,47,16228.46,324.57,1260.58,14643.31
D0434,mid_market,2026-06-10,20,47713.38,1908.54,2533.33,43271.51
D0435,mid_market,2025-08-08,53,40482.7,1619.31,2317.11,36546.28
D0436,smb,2026-05-19,42,6217.81,124.36,225.63,5867.82
D0437,mid_market,2026-04-21,70,63051.1,2522.04,6103.58,54425.48
D0438,smb,2025-08-19,42,5658.58,113.17,230.59,5314.82
D0439,smb,2026-06-10,20,18168.99,363.38,1972.02,15833.59
D0440,mid_market,2025-08-18,43,69113.9,2764.56,8459.73,57889.61
D0441,mid_market,2026-01-15,75,59010.02,2360.4,6882.21,49767.41
D0442,smb,2026-05-31,30,4449.16,88.98,78.78,4281.4
D0443,mid_market,2026-02-03,56,54848.26,2193.93,4998.38,47655.95
D0444,enterprise,2026-02-28,31,408059.48,24483.57,43625.29,339950.62
D0445,mid_market,2025-08-27,34,29234.07,1169.36,1885.93,26178.78
D0446,mid_market,2025-11-11,50,38111.57,1524.46,2874.04,33713.07
D0447,smb,2026-02-01,58,18615.78,372.32,1987.89,16255.57
D0448,smb,2026-01-07,83,11377.65,227.55,903.19,10246.91
D0449,smb,2026-01-30,60,5389.64,107.79,252.65,5029.2
D0450,smb,2025-10-07,85,15819.62,316.39,1359.27,14143.96
D0451,mid_market,2026-06-04,26,67614.46,2704.58,7133.74,57776.14
D0452,mid_market,2025-11-17,44,27249.56,1089.98,2317.08,23842.5
D0453,mid_market,2026-04-05,86,32893.21,1315.73,1503.73,30073.75
D0454,mid_market,2025-08-20,41,21907.67,876.31,1456.16,19575.2
D0455,enterprise,2026-01-29,61,150024.07,9001.44,11720.89,129301.74
D0456,enterprise,2025-11-28,33,348467.97,20908.08,33786.4,293773.49
D0457,mid_market,2026-01-08,82,49840.05,1993.6,3213.31,44633.14
D0458,mid_market,2025-08-24,37,29640.19,1185.61,2054.1,26400.48
D0459,smb,2025-12-28,3,9652.59,193.05,1048.37,8411.17
D0460,mid_market,2025-10-29,63,56970.74,2278.83,4169.91,50522.0
D0461,smb,2026-06-22,8,8886.47,177.73,1145.33,7563.41
D0462,mid_market,2026-06-14,16,33250.68,1330.03,3124.48,28796.17
D0463,smb,2026-01-20,70,15625.78,312.52,1077.27,14235.99
D0464,mid_market,2026-02-15,44,36768.56,1470.74,3678.3,31619.52
D0465,mid_market,2026-03-22,9,74096.99,2963.88,14121.56,57011.55
D0466,smb,2025-11-02,59,7043.25,140.87,336.94,6565.44
D0467,enterprise,2026-06-03,27,157707.28,9462.44,18172.01,130072.83
D0468,mid_market,2025-09-26,4,63784.41,2551.38,11833.29,49399.74
D0469,mid_market,2026-02-26,33,84683.88,3387.36,8943.05,72353.47
D0470,smb,2026-02-08,51,11894.83,237.9,811.6,10845.33
D0471,smb,2025-07-04,88,17107.35,342.15,1352.73,15412.47
D0472,enterprise,2025-07-17,75,136884.6,8213.08,8085.44,120586.08
D0473,smb,2025-10-06,86,19585.07,391.7,2029.87,17163.5
D0474,enterprise,2026-02-04,55,375009.58,22500.57,63134.57,289374.44
D0475,smb,2026-04-07,84,19625.45,392.51,1821.06,17411.88
D0476,enterprise,2025-10-03,89,365927.68,21955.66,68785.85,275186.17
D0477,mid_market,2025-07-31,61,68457.95,2738.32,9350.98,56368.65
D0478,smb,2025-08-17,44,14038.69,280.77,898.07,12859.85
D0479,mid_market,2025-09-01,29,23559.58,942.38,989.2,21628.0
D0480,enterprise,2025-11-13,48,117703.47,7062.21,13767.06,96874.2
D0481,enterprise,2025-07-23,69,152257.18,9135.43,7952.06,135169.69
D0482,mid_market,2025-11-27,34,65511.53,2620.46,8235.78,54655.29
D0483,enterprise,2025-08-10,51,274577.36,16474.64,41774.31,216328.41
D0484,enterprise,2025-12-04,27,161724.25,9703.45,14253.19,137767.61
D0485,mid_market,2026-06-04,26,38691.57,1547.66,4131.82,33012.09
D0486,mid_market,2026-03-09,22,28488.56,1139.54,1938.1,25410.92
D0487,smb,2025-11-11,50,6872.29,137.45,387.77,6347.07
D0488,smb,2025-09-02,28,10488.86,209.78,603.27,9675.81
D0489,mid_market,2025-12-09,22,70127.71,2805.11,10160.76,57161.84
D0490,smb,2026-03-23,8,13130.66,262.61,1685.18,11182.87
D0491,enterprise,2025-09-24,6,335880.76,20152.85,71937.55,243790.36
D0492,mid_market,2025-11-02,59,59661.31,2386.45,4003.0,53271.86
D0493,smb,2026-05-23,38,18092.95,361.86,1968.91,15762.18
D0494,smb,2026-03-21,10,15512.8,310.26,1859.55,13342.99
D0495,smb,2025-08-09,52,11036.41,220.73,544.41,10271.27
D0496,enterprise,2026-02-27,32,397251.67,23835.1,74893.86,298522.71
D0497,mid_market,2026-06-02,28,39840.77,1593.63,4163.71,34083.43
D0498,mid_market,2026-05-01,60,70797.19,2831.89,10143.61,57821.69
D0499,mid_market,2026-04-30,61,70656.27,2826.25,6411.99,61418.03
D0500,smb,2025-11-19,42,17146.86,342.94,1790.89,15013.03
D0501,enterprise,2025-10-23,69,101280.03,6076.8,7953.15,87250.08
D0502,mid_market,2026-02-09,50,39874.94,1595.0,3158.97,35120.97
D0503,smb,2025-12-07,24,18907.69,378.15,2042.77,16486.77
D0504,smb,2026-01-08,82,9250.98,185.02,468.01,8597.95
D0505,smb,2025-09-24,6,6954.48,139.09,632.26,6183.13
D0506,mid_market,2025-09-13,17,59991.27,2399.65,5742.71,51848.91
D0507,smb,2025-11-21,40,12997.23,259.94,888.99,11848.3
D0508,mid_market,2026-06-28,2,36575.74,1463.03,4375.63,30737.08
D0509,enterprise,2026-02-20,39,320196.76,19211.81,54114.11,246870.84
D0510,mid_market,2026-01-24,66,61083.47,2443.34,4608.0,54032.13
D0511,mid_market,2025-10-02,90,56289.87,2251.59,4492.67,49545.61
D0512,enterprise,2025-07-05,87,408339.12,24500.35,83045.97,300792.8
D0513,enterprise,2025-08-02,59,249111.92,14946.72,33427.7,200737.5
D0514,smb,2025-07-04,88,18381.68,367.63,1981.65,16032.4
D0515,enterprise,2026-03-21,10,189950.92,11397.06,31507.58,147046.28
D0516,enterprise,2025-10-21,71,180681.15,10840.87,11198.23,158642.05
D0517,mid_market,2026-01-21,69,89731.04,3589.24,9599.74,76542.06
D0518,smb,2026-01-29,61,14515.74,290.31,1196.12,13029.31
D0519,mid_market,2026-03-17,14,51136.42,2045.46,9420.85,39670.11
D0520,smb,2025-12-06,25,9547.46,190.95,659.56,8696.95
D0521,mid_market,2026-02-05,54,48500.84,1940.03,4527.64,42033.17
D0522,mid_market,2026-05-02,59,64993.67,2599.75,5577.83,56816.09
D0523,mid_market,2025-07-18,74,73829.98,2953.2,8199.06,62677.72
D0524,mid_market,2026-04-16,75,80731.58,3229.26,12643.83,64858.49
D0525,mid_market,2025-08-14,47,81077.79,3243.11,8968.02,68866.66
D0526,mid_market,2026-05-16,45,25249.06,1009.96,851.69,23387.41
D0527,enterprise,2025-11-13,48,107030.59,6421.84,4272.13,96336.62
D0528,mid_market,2026-06-30,0,88045.39,3521.82,19349.63,65173.94
D0529,smb,2025-11-29,32,12720.81,254.42,721.54,11744.85
D0530,mid_market,2025-11-12,49,74738.05,2989.52,6906.32,64842.21
D0531,mid_market,2026-02-17,42,22585.21,903.41,2124.89,19556.91
D0532,smb,2025-10-31,61,17595.81,351.92,1745.88,15498.01
D0533,smb,2026-01-08,82,9951.95,199.04,379.0,9373.91
D0534,enterprise,2025-10-16,76,339169.76,20350.19,40216.13,278603.44
D0535,mid_market,2026-04-28,63,24142.18,965.69,824.47,22352.02
D0536,smb,2025-09-10,20,11825.44,236.51,684.34,10904.59
D0537,smb,2025-09-09,21,16842.3,336.85,1549.83,14955.62
D0538,enterprise,2025-12-12,19,316872.4,19012.34,41857.16,256002.9
D0539,enterprise,2025-10-21,71,219610.35,13176.62,28856.15,177577.58
D0540,mid_market,2026-04-10,81,66840.53,2673.62,9386.08,54780.83
D0541,mid_market,2025-08-16,45,54585.38,2183.42,6851.4,45550.56
D0542,mid_market,2025-09-16,14,27163.18,1086.53,3740.93,22335.72
D0543,mid_market,2025-09-22,8,59065.65,2362.63,9567.8,47135.22
D0544,mid_market,2025-10-11,81,41857.43,1674.3,3035.63,37147.5
D0545,mid_market,2025-07-18,74,74717.72,2988.71,11211.83,60517.18
D0546,smb,2025-12-20,11,9755.6,195.11,890.06,8670.43
D0547,smb,2026-06-10,20,4203.94,84.08,165.57,3954.29
D0548,mid_market,2026-04-11,80,44352.5,1774.1,3532.91,39045.49
D0549,smb,2025-07-18,74,12925.0,258.5,866.0,11800.5
D0550,smb,2025-09-20,10,4708.39,94.17,375.68,4238.54
D0551,smb,2026-02-24,35,4351.01,87.02,105.35,4158.64
D0552,smb,2025-10-24,68,8869.6,177.39,588.05,8104.16
D0553,enterprise,2025-10-07,85,327774.55,19666.47,60960.63,247147.45
D0554,smb,2026-06-05,25,10242.21,204.84,447.43,9589.94
D0555,enterprise,2026-04-08,83,373232.06,22393.92,68300.27,282537.87
D0556,smb,2026-04-07,84,4525.39,90.51,204.24,4230.64
D0557,mid_market,2025-11-12,49,31206.76,1248.27,1663.95,28294.54
D0558,mid_market,2026-06-20,10,85258.42,3410.34,12821.04,69027.04
D0559,smb,2025-07-14,78,12175.31,243.51,748.28,11183.52
D0560,smb,2026-04-21,70,11350.92,227.02,567.79,10556.11
D0561,enterprise,2025-12-13,18,346831.83,20809.91,43459.31,282562.61
D0562,smb,2025-07-11,81,14114.74,282.29,1101.6,12730.85
D0563,smb,2025-11-22,39,17093.99,341.88,1518.67,15233.44
D0564,enterprise,2025-10-20,72,307461.2,18447.67,38321.13,250692.4
D0565,smb,2025-12-08,23,4335.81,86.72,73.56,4175.53
D0566,smb,2026-05-07,54,14078.04,281.56,980.48,12816.0
D0567,mid_market,2025-10-02,90,43129.75,1725.19,2223.0,39181.56
D0568,enterprise,2026-01-28,62,396848.68,23810.92,40552.49,332485.27
D0569,enterprise,2026-03-10,21,343882.48,20632.95,57271.39,265978.14
D0570,enterprise,2026-03-23,8,96246.65,5774.8,17342.09,73129.76
D0571,mid_market,2026-04-16,75,31548.94,1261.96,3279.83,27007.15
D0572,mid_market,2025-07-29,63,62249.22,2489.97,4327.02,55432.23
D0573,enterprise,2026-04-10,81,171966.86,10318.01,21066.95,140581.9
D0574,smb,2025-10-08,84,15171.68,303.43,997.56,13870.69
D0575,smb,2025-10-25,67,14987.0,299.74,1021.57,13665.69
D0576,smb,2026-06-12,18,16756.17,335.12,1322.79,15098.26
D0577,smb,2025-10-30,62,9793.9,195.88,583.7,9014.32
D0578,smb,2025-12-21,10,10967.79,219.36,1554.79,9193.64
D0579,smb,2026-05-13,48,9872.76,197.46,525.54,9149.76
D0580,mid_market,2025-07-09,83,75233.44,3009.34,10279.94,61944.16
D0581,smb,2026-05-08,53,16280.23,325.6,1231.22,14723.41
D0582,mid_market,2026-02-04,55,64508.79,2580.35,6623.95,55304.49
D0583,mid_market,2025-11-22,39,41179.15,1647.17,4712.1,34819.88
D0584,mid_market,2026-01-15,75,75006.23,3000.25,7705.45,64300.53
D0585,smb,2025-11-28,33,11602.34,232.05,527.67,10842.62
D0586,mid_market,2026-05-05,56,77121.17,3084.85,10486.52,63549.8
D0587,mid_market,2026-05-12,49,65708.37,2628.33,7355.43,55724.61
D0588,smb,2026-05-26,35,12270.04,245.4,789.16,11235.48
D0589,smb,2026-05-12,49,12961.07,259.22,798.4,11903.45
D0590,mid_market,2026-05-03,58,48631.13,1945.25,2815.29,43870.59
D0591,mid_market,2026-05-09,52,26597.88,1063.92,879.25,24654.71
D0592,enterprise,2025-12-02,29,227742.1,13664.53,21772.05,192305.52
D0593,mid_market,2025-10-25,67,48190.39,1927.62,4957.93,41304.84
D0594,mid_market,2026-06-27,3,27591.43,1103.66,3357.85,23129.92
D0595,mid_market,2026-03-22,9,41401.57,1656.06,6912.23,32833.28
D0596,mid_market,2025-09-24,6,84313.93,3372.56,18195.77,62745.6
D0597,enterprise,2025-10-25,67,340329.42,20419.77,50801.93,269107.72
D0598,mid_market,2025-10-27,65,29036.03,1161.44,2887.69,24986.9
D0599,mid_market,2025-07-21,71,39367.24,1574.69,2666.29,35126.26
D0600,enterprise,2025-07-26,66,165272.32,9916.34,9289.78,146066.2
D0601,mid_market,2026-02-10,49,40125.41,1605.02,1824.57,36695.82
D0602,mid_market,2026-04-17,74,80251.35,3210.05,11842.22,65199.08
D0603,enterprise,2025-07-27,65,392110.62,23526.64,66108.55,302475.43
D0604,smb,2026-06-05,25,8479.83,169.6,374.23,7936.0
D0605,smb,2025-09-02,28,10846.83,216.94,556.02,10073.87
D0606,mid_market,2026-04-14,77,57891.7,2315.67,6235.18,49340.85
D0607,mid_market,2025-10-31,61,53242.06,2129.68,5639.55,45472.83
D0608,mid_market,2025-10-14,78,67528.97,2701.16,6695.11,58132.7
D0609,mid_market,2025-07-25,67,31180.14,1247.21,2799.21,27133.72
D0610,enterprise,2026-01-03,87,180906.71,10854.4,17908.82,152143.49
D0611,smb,2026-04-15,76,7549.96,151.0,258.53,7140.43
D0612,smb,2026-05-02,59,9515.29,190.31,560.98,8764.0
D0613,smb,2025-09-08,22,5160.25,103.2,149.61,4907.44
D0614,smb,2025-10-19,73,9745.73,194.91,382.25,9168.57
D0615,enterprise,2026-01-05,85,415585.71,24935.14,61553.74,329096.83
D0616,mid_market,2025-07-25,67,30562.35,1222.49,2209.53,27130.33
D0617,smb,2026-04-20,71,5863.81,117.28,177.64,5568.89
D0618,smb,2026-04-02,89,10920.12,218.4,632.99,10068.73
D0619,smb,2026-02-14,45,12852.58,257.05,746.59,11848.94
D0620,mid_market,2025-10-31,61,31274.41,1250.98,2481.46,27541.97
D0621,enterprise,2025-11-23,38,124676.48,7480.59,16131.09,101064.8
D0622,enterprise,2026-02-06,53,200396.36,12023.78,18150.59,170221.99
D0623,smb,2026-03-09,22,6046.67,120.93,327.64,5598.1
D0624,enterprise,2025-11-16,45,271901.51,16314.09,38539.68,217047.74
D0625,mid_market,2026-02-07,52,22543.92,901.76,1013.31,20628.85
D0626,smb,2026-04-21,70,8668.88,173.38,420.34,8075.16
D0627,mid_market,2026-01-12,78,22148.59,885.94,1471.13,19791.52
D0628,smb,2026-06-22,8,19057.14,381.14,3431.98,15244.02
D0629,smb,2026-05-07,54,17058.13,341.16,1648.03,15068.94
D0630,mid_market,2025-11-15,46,45589.11,1823.56,2656.23,41109.32
D0631,mid_market,2025-08-28,33,80641.74,3225.67,9495.82,67920.25
D0632,smb,2026-06-19,11,11484.58,229.69,1344.37,9910.52
D0633,mid_market,2025-09-20,10,45701.72,1828.07,7079.97,36793.68
D0634,smb,2026-04-01,90,14362.68,287.25,1241.06,12834.37
D0635,smb,2025-08-17,44,9934.74,198.69,385.23,9350.82
D0636,mid_market,2025-08-23,38,62773.39,2510.94,5507.94,54754.51
D0637,enterprise,2025-11-20,41,169291.3,10157.48,13319.69,145814.13
D0638,mid_market,2025-09-23,7,42816.62,1712.66,5615.19,35488.77
D0639,mid_market,2025-09-28,2,28529.11,1141.16,2848.1,24539.85
D0640,smb,2025-09-07,23,8792.86,175.86,476.83,8140.17
D0641,mid_market,2026-03-25,6,37960.02,1518.4,5534.06,30907.56
D0642,smb,2025-12-19,12,4356.64,87.13,410.31,3859.2
D0643,mid_market,2025-08-07,54,36365.62,1454.62,1675.43,33235.57
D0644,smb,2026-06-22,8,15602.23,312.04,2396.3,12893.89
D0645,mid_market,2026-05-22,39,27078.28,1083.13,2053.28,23941.87
D0646,smb,2026-01-20,70,14771.8,295.44,1340.16,13136.2
D0647,enterprise,2025-10-10,82,172618.94,10357.14,15567.92,146693.88
D0648,mid_market,2025-08-27,34,29737.32,1189.49,2378.02,26169.81
D0649,smb,2026-05-15,46,18362.53,367.25,1546.08,16449.2
D0650,smb,2025-10-02,90,8865.87,177.32,606.04,8082.51
D0651,mid_market,2026-04-03,88,48497.09,1939.88,3813.71,42743.5
D0652,smb,2025-09-08,22,17178.34,343.57,1348.03,15486.74
D0653,smb,2025-10-29,63,17337.3,346.75,1695.28,15295.27
D0654,enterprise,2025-09-07,23,143018.93,8581.14,10038.64,124399.15
D0655,mid_market,2025-11-19,42,39448.35,1577.93,3738.84,34131.58
D0656,mid_market,2025-10-12,80,66611.2,2664.45,7565.97,56380.78
D0657,smb,2025-08-18,43,9759.39,195.19,380.98,9183.22
D0658,mid_market,2025-12-03,28,86585.31,3463.41,12880.59,70241.31
D0659,mid_market,2025-08-04,57,58348.94,2333.96,3975.58,52039.4
D0660,smb,2026-02-15,44,8200.06,164.0,534.6,7501.46
D0661,mid_market,2026-02-02,57,88796.93,3551.88,9642.72,75602.33
D0662,mid_market,2026-06-24,6,28106.46,1124.26,3441.03,23541.17
D0663,enterprise,2025-10-20,72,160603.36,9636.2,14461.14,136506.02
D0664,smb,2026-02-26,33,4350.38,87.01,114.7,4148.67
D0665,enterprise,2025-10-30,62,239556.14,14373.37,32779.35,192403.42
D0666,mid_market,2025-07-17,75,48976.96,1959.08,5015.61,42002.27
D0667,mid_market,2026-04-27,64,31302.95,1252.12,3048.16,27002.67
D0668,mid_market,2025-11-28,33,68887.03,2755.48,9595.68,56535.87
D0669,mid_market,2025-07-31,61,84183.08,3367.32,11566.43,69249.33
D0670,mid_market,2026-03-10,21,68286.95,2731.48,8126.55,57428.92
D0671,smb,2025-12-12,19,17854.1,357.08,1903.95,15593.07
D0672,smb,2026-02-19,40,11992.12,239.84,622.66,11129.62
D0673,mid_market,2026-06-09,21,33991.21,1359.65,1765.45,30866.11
D0674,mid_market,2025-09-18,12,88197.68,3527.91,15648.97,69020.8
D0675,smb,2026-02-08,51,12491.0,249.82,766.13,11475.05
D0676,enterprise,2026-05-01,60,196060.45,11763.63,23176.12,161120.7
D0677,smb,2025-12-17,14,9061.85,181.24,795.21,8085.4
D0678,enterprise,2025-09-27,3,201092.49,12065.55,38105.27,150921.67
D0679,mid_market,2025-12-25,6,20799.56,831.98,2366.16,17601.42
D0680,enterprise,2026-04-20,71,340108.22,20406.49,65937.65,253764.08
D0681,smb,2026-01-21,69,6916.92,138.34,281.25,6497.33
D0682,mid_market,2026-01-06,84,85202.54,3408.1,12241.89,69552.55
D0683,enterprise,2026-01-16,74,199053.12,11943.19,27291.28,159818.65
D0684,smb,2026-04-28,63,4832.63,96.65,218.03,4517.95
D0685,mid_market,2026-05-16,45,71516.91,2860.68,6141.15,62515.08
D0686,smb,2025-10-03,89,6943.15,138.86,178.96,6625.33
D0687,smb,2025-08-01,60,17293.34,345.87,1742.62,15204.85
D0688,smb,2026-02-08,51,14940.3,298.81,1382.08,13259.41
D0689,mid_market,2026-02-12,47,33278.25,1331.13,2827.23,29119.89
D0690,enterprise,2025-08-19,42,322854.17,19371.25,55876.92,247606.0
D0691,enterprise,2026-02-18,41,237965.07,14277.9,19754.16,203933.01
D0692,smb,2026-05-25,36,8064.23,161.28,509.31,7393.64
D0693,mid_market,2026-04-16,75,27163.22,1086.53,2447.17,23629.52
D0694,mid_market,2025-12-29,2,49280.2,1971.21,4784.27,42524.72
D0695,enterprise,2026-01-28,62,349732.55,20983.95,41434.28,287314.32
D0696,smb,2026-02-25,34,15086.35,301.73,1286.48,13498.14
D0697,enterprise,2025-10-19,73,416892.44,25013.55,52983.84,338895.05
D0698,mid_market,2026-01-04,86,87213.33,3488.53,9968.78,73756.02
D0699,mid_market,2026-01-17,73,35044.22,1401.77,3719.02,29923.43
D0700,smb,2026-05-27,34,8608.09,172.16,555.86,7880.07
D0701,mid_market,2025-08-25,36,23511.12,940.44,1411.81,21158.87
D0702,smb,2025-10-30,62,13852.91,277.06,1044.46,12531.39
D0703,mid_market,2026-04-13,78,82221.79,3288.87,7525.49,71407.43
D0704,mid_market,2025-07-28,64,86559.8,3462.39,9384.26,73713.15
D0705,enterprise,2026-03-12,19,212120.46,12727.23,21827.64,177565.59
D0706,mid_market,2025-07-08,84,60898.23,2435.93,7678.23,50784.07
D0707,smb,2026-05-14,47,17680.74,353.61,1442.07,15885.06
D0708,smb,2025-08-31,30,15118.98,302.38,1223.2,13593.4
D0709,enterprise,2026-05-18,43,250448.78,15026.93,41642.14,193779.71
D0710,mid_market,2026-03-01,30,65588.99,2623.56,4802.41,58163.02
D0711,mid_market,2025-08-12,49,48200.63,1928.03,4125.57,42147.03
D0712,smb,2025-10-21,71,14178.38,283.57,1256.45,12638.36
D0713,enterprise,2025-11-30,31,399561.75,23973.7,52335.23,323252.82
D0714,enterprise,2025-12-28,3,357688.72,21461.32,54066.07,282161.33
D0715,smb,2026-04-23,68,13266.89,265.34,928.04,12073.51
D0716,mid_market,2025-07-04,88,84832.8,3393.31,13304.43,68135.06
D0717,mid_market,2025-12-14,17,54127.72,2165.11,3811.66,48150.95
D0718,smb,2025-07-08,84,19055.79,381.12,1982.46,16692.21
D0719,mid_market,2026-05-31,30,41523.2,1660.93,3436.41,36425.86
D0720,smb,2025-11-04,57,4652.13,93.04,228.47,4330.62
D0721,mid_market,2026-03-13,18,54916.69,2196.67,4450.88,48269.14
D0722,mid_market,2026-01-13,77,73822.64,2952.91,5800.61,65069.12
D0723,smb,2026-04-25,66,5935.78,118.72,266.75,5550.31
D0724,smb,2025-12-21,10,9021.83,180.44,1076.86,7764.53
D0725,smb,2025-12-13,18,18779.62,375.59,1538.15,16865.88
D0726,mid_market,2026-03-07,24,83780.84,3351.23,9022.42,71407.19
D0727,smb,2025-09-13,17,19187.19,383.74,1593.13,17210.32
D0728,smb,2026-05-08,53,7640.66,152.81,306.75,7181.1
D0729,enterprise,2026-06-18,12,318520.58,19111.23,67101.07,232308.28
D0730,enterprise,2026-03-26,5,238144.77,14288.69,46284.02,177572.06
D0731,smb,2025-08-31,30,10222.79,204.46,765.73,9252.6
D0732,smb,2026-01-06,84,17752.94,355.06,1384.27,16013.61
D0733,smb,2025-12-16,15,13132.59,262.65,818.33,12051.61
D0734,mid_market,2025-08-26,35,41683.97,1667.36,4372.84,35643.77
D0735,mid_market,2026-03-26,5,64710.36,2588.41,9349.9,52772.05
D0736,mid_market,2026-06-03,27,37874.33,1514.97,3790.32,32569.04
D0737,mid_market,2025-12-16,15,60514.7,2420.59,7542.14,50551.97
D0738,enterprise,2025-10-26,66,106225.26,6373.52,9930.93,89920.81
D0739,smb,2025-10-07,85,18897.79,377.96,1516.41,17003.42
D0740,smb,2026-03-11,20,10760.84,215.22,452.99,10092.63
D0741,enterprise,2026-02-07,52,148143.32,8888.6,9505.33,129749.39
D0742,enterprise,2026-01-03,87,333982.12,20038.93,41365.25,272577.94
D0743,smb,2025-08-06,55,12635.1,252.7,739.31,11643.09
D0744,smb,2025-09-21,9,4512.03,90.24,262.22,4159.57
D0745,mid_market,2026-02-01,58,77248.5,3089.94,7337.19,66821.37
D0746,mid_market,2026-01-12,78,24225.81,969.03,1558.42,21698.36
D0747,smb,2025-11-10,51,8661.57,173.23,505.09,7983.25
D0748,mid_market,2025-09-27,3,45350.81,1814.03,6000.33,37536.45
D0749,smb,2026-05-24,37,16751.76,335.04,1197.89,15218.83
D0750,smb,2025-12-06,25,13277.92,265.56,910.26,12102.1
D0751,enterprise,2025-11-26,35,183678.01,11020.68,11527.81,161129.52
D0752,mid_market,2025-08-23,38,85975.47,3439.02,9205.38,73331.07
D0753,enterprise,2025-07-17,75,313224.25,18793.45,26440.52,267990.28
D0754,mid_market,2025-09-08,22,74626.45,2985.06,8492.33,63149.06
D0755,mid_market,2025-12-28,3,81762.01,3270.48,14195.31,64296.22
D0756,mid_market,2026-02-25,34,51237.12,2049.48,6369.18,42818.46
D0757,smb,2026-04-12,79,17714.31,354.29,1839.6,15520.42
D0758,mid_market,2025-08-27,34,63855.37,2554.21,5924.44,55376.72
D0759,mid_market,2025-11-07,54,66168.85,2646.75,8066.91,55455.19
D0760,enterprise,2025-10-03,89,188311.82,11298.71,14684.65,162328.46
D0761,enterprise,2026-03-09,22,389784.69,23387.08,78023.51,288374.1
D0762,enterprise,2026-04-23,68,338259.21,20295.55,39826.33,278137.33
D0763,enterprise,2025-07-30,62,405945.2,24356.71,69147.93,312440.56
D0764,mid_market,2025-11-02,59,52197.48,2087.9,4012.09,46097.49
D0765,enterprise,2025-12-27,4,248755.9,14925.35,46365.37,187465.18
D0766,enterprise,2026-06-25,5,259178.49,15550.71,44864.76,198763.02
D0767,mid_market,2026-05-14,47,43413.64,1736.55,2187.83,39489.26
D0768,mid_market,2025-10-16,76,61927.63,2477.11,5920.87,53529.65
D0769,enterprise,2025-07-06,86,175827.74,10549.66,17310.41,147967.67
D0770,mid_market,2026-03-09,22,52291.21,2091.65,5475.15,44724.41
D0771,mid_market,2025-10-22,70,36867.42,1474.7,1944.72,33448.0
D0772,enterprise,2026-04-25,66,406062.91,24363.77,76182.81,305516.33
D0773,enterprise,2025-08-28,33,394889.85,23693.39,52523.51,318672.95
D0774,smb,2025-08-20,41,19085.74,381.71,1871.77,16832.26
D0775,smb,2025-07-08,84,18415.21,368.3,1600.15,16446.76
D0776,smb,2026-03-16,15,12081.55,241.63,668.66,11171.26
D0777,mid_market,2025-11-06,55,57672.71,2306.91,5617.11,49748.69
D0778,mid_market,2026-05-30,31,69548.71,2781.95,5216.98,61549.78
D0779,mid_market,2026-06-07,23,23233.48,929.34,1091.83,21212.31
D0780,smb,2026-01-13,77,15654.34,313.09,1508.68,13832.57
D0781,enterprise,2026-05-21,40,130310.06,7818.6,10462.34,112029.12
D0782,smb,2026-03-12,19,4223.94,84.48,123.95,4015.51
D0783,mid_market,2026-02-02,57,57220.02,2288.8,4784.6,50146.62
D0784,smb,2025-07-08,84,17657.82,353.16,1564.37,15740.29
D0785,smb,2025-07-31,61,5964.48,119.29,159.28,5685.91
D0786,enterprise,2025-09-24,6,147890.21,8873.41,29343.59,109673.21
D0787,mid_market,2026-03-14,17,23204.09,928.16,1220.47,21055.46
D0788,mid_market,2026-04-18,73,63576.92,2543.08,8179.31,52854.53
D0789,smb,2025-09-26,4,19696.08,393.92,2776.0,16526.16
D0790,smb,2026-01-07,83,10706.49,214.13,660.77,9831.59
D0791,mid_market,2025-12-24,7,32323.75,1292.95,3273.93,27756.87
D0792,mid_market,2026-04-09,82,51672.18,2066.89,5524.95,44080.34
D0793,mid_market,2025-11-19,42,82918.13,3316.73,12378.17,67223.23
D0794,smb,2025-10-22,70,6248.8,124.98,194.48,5929.34
D0795,mid_market,2025-07-24,68,38614.29,1544.57,3010.95,34058.77
D0796,smb,2025-09-04,26,13676.78,273.54,954.35,12448.89
D0797,enterprise,2025-11-27,34,309319.52,18559.17,29052.27,261708.08
D0798,enterprise,2026-06-22,8,95513.16,5730.79,19805.55,69976.82
D0799,enterprise,2026-01-14,76,177639.88,10658.39,24722.34,142259.15
D0800,mid_market,2026-03-22,9,74174.46,2966.98,10347.33,60860.15
D0801,mid_market,2025-12-17,14,34166.37,1366.65,5386.77,27412.95
D0802,smb,2026-02-25,34,6101.08,122.02,340.31,5638.75
D0803,smb,2025-11-01,60,7225.39,144.51,281.72,6799.16
D0804,mid_market,2025-09-15,15,22259.57,890.38,1057.0,20312.19
D0805,mid_market,2026-05-09,52,86603.61,3464.14,10249.31,72890.16
D0806,mid_market,2026-06-30,0,79399.42,3175.98,14653.6,61569.84
D0807,smb,2026-06-29,1,11920.46,238.41,1590.4,10091.65
D0808,smb,2026-03-03,28,12740.51,254.81,955.82,11529.88
D0809,enterprise,2026-05-17,44,196214.85,11772.89,27554.65,156887.31
D0810,mid_market,2026-06-21,9,48896.63,1955.87,6027.91,40912.85
D0811,mid_market,2025-11-29,32,41399.83,1655.99,3671.27,36072.57
D0812,smb,2026-01-29,61,15321.11,306.42,1178.29,13836.4
D0813,enterprise,2026-01-18,72,336951.05,20217.06,35503.74,281230.25
D0814,mid_market,2026-03-18,13,60526.73,2421.07,11273.05,46832.61
D0815,smb,2026-03-03,28,17717.66,354.35,1843.7,15519.61
D0816,smb,2026-02-15,44,18366.84,367.34,1754.09,16245.41
D0817,smb,2026-02-15,44,8491.02,169.82,409.53,7911.67
D0818,smb,2025-12-22,9,5792.65,115.85,664.72,5012.08
D0819,smb,2025-11-03,58,15070.13,301.4,1400.95,13367.78
D0820,mid_market,2026-03-02,29,50884.09,2035.36,3965.17,44883.56
D0821,mid_market,2026-04-03,88,61849.74,2473.99,4348.22,55027.53
D0822,smb,2025-10-13,79,14144.51,282.89,1020.47,12841.15
D0823,smb,2026-04-20,71,13170.09,263.4,1102.81,11803.88
D0824,smb,2025-08-12,49,11872.92,237.46,954.13,10681.33
D0825,smb,2026-05-26,35,5074.34,101.49,226.79,4746.06
D0826,enterprise,2025-09-08,22,275056.3,16503.38,20804.56,237748.36
D0827,smb,2026-03-25,6,5736.97,114.74,519.21,5103.02
D0828,enterprise,2025-08-19,42,267345.34,16040.72,41309.85,209994.77
D0829,smb,2026-01-19,71,7975.88,159.52,272.05,7544.31
D0830,mid_market,2026-05-10,51,36708.58,1468.34,1506.31,33733.93
D0831,mid_market,2026-05-04,57,86359.3,3454.37,13592.81,69312.12
D0832,smb,2025-12-07,24,13850.69,277.01,1133.8,12439.88
D0833,mid_market,2025-07-25,67,23627.18,945.09,2208.72,20473.37
D0834,smb,2025-11-25,36,19089.18,381.78,1800.59,16906.81
D0835,smb,2026-01-31,59,12578.76,251.58,894.62,11432.56
D0836,enterprise,2026-02-04,55,218150.84,13089.05,18527.71,186534.08
D0837,mid_market,2026-01-03,87,30922.78,1236.91,2850.79,26835.08
D0838,mid_market,2025-11-12,49,36468.13,1458.73,3338.78,31670.62
D0839,smb,2026-06-30,0,9679.66,193.59,1339.59,8146.48
D0840,mid_market,2026-03-06,25,86827.0,3473.08,9396.61,73957.31
D0841,mid_market,2025-07-22,70,87797.98,3511.92,12550.19,71735.87
D0842,mid_market,2026-06-01,29,53865.74,2154.63,5325.22,46385.89
D0843,mid_market,2026-03-12,19,67736.59,2709.46,5833.66,59193.47
D0844,smb,2025-09-20,10,19060.41,381.21,3112.73,15566.47
D0845,enterprise,2026-01-22,68,98141.02,5888.46,11385.7,80866.86
D0846,enterprise,2025-11-01,60,328058.78,19683.53,42394.6,265980.65
D0847,smb,2026-03-01,30,14649.49,292.99,1210.7,13145.8
D0848,smb,2026-04-01,90,15241.55,304.83,1284.4,13652.32
D0849,mid_market,2026-05-18,43,55358.02,2214.32,5014.02,48129.68
D0850,mid_market,2025-09-14,16,22678.93,907.16,1819.05,19952.72
D0851,mid_market,2026-04-18,73,73987.95,2959.52,11011.31,60017.12
D0852,enterprise,2026-04-22,69,343609.73,20616.58,49881.7,273111.45
D0853,enterprise,2025-11-09,52,259936.8,15596.21,20251.96,224088.63
D0854,smb,2026-05-18,43,4740.34,94.81,221.3,4424.23
D0855,mid_market,2025-10-29,63,66852.56,2674.1,8931.44,55247.02
D0856,smb,2025-12-07,24,15159.64,303.19,1066.52,13789.93
D0857,mid_market,2025-11-23,38,83546.09,3341.84,9876.74,70327.51
D0858,enterprise,2026-01-17,73,335957.56,20157.45,39760.46,276039.65
D0859,smb,2025-09-04,26,15626.56,312.53,1121.97,14192.06
D0860,smb,2026-03-06,25,19822.93,396.46,1682.45,17744.02
D0861,enterprise,2026-01-25,65,251378.22,15082.69,39251.92,197043.61
D0862,mid_market,2025-07-24,68,30093.8,1203.75,2346.67,26543.38
D0863,mid_market,2026-06-11,19,21146.5,845.86,1138.31,19162.33
D0864,smb,2025-08-02,59,17835.82,356.72,1822.95,15656.15
D0865,mid_market,2026-01-18,72,39802.6,1592.1,3455.78,34754.72
D0866,smb,2026-03-28,3,10117.75,202.36,985.22,8930.17
D0867,smb,2025-07-22,70,16556.59,331.13,1641.21,14584.25
D0868,mid_market,2026-01-14,76,34205.35,1368.21,2482.33,30354.81
D0869,smb,2025-07-13,79,5832.2,116.64,310.67,5404.89
D0870,mid_market,2026-01-09,81,30694.27,1227.77,2926.3,26540.2
D0871,enterprise,2025-09-27,3,387975.24,23278.51,90924.47,273772.26
D0872,mid_market,2025-07-24,68,45763.38,1830.54,3119.22,40813.62
D0873,enterprise,2026-04-24,67,107746.86,6464.81,11135.36,90146.69
D0874,mid_market,2026-05-07,54,20135.91,805.44,1394.22,17936.25
D0875,mid_market,2026-04-22,69,65982.68,2639.31,7797.03,55546.34
D0876,enterprise,2026-03-25,6,187180.12,11230.81,22011.97,153937.34
D0877,mid_market,2025-10-16,76,34954.33,1398.17,1596.63,31959.53
D0878,mid_market,2026-02-16,43,60523.39,2420.94,7760.45,50342.0
D0879,smb,2025-11-25,36,15907.32,318.15,1309.22,14279.95
D0880,enterprise,2025-11-02,59,352511.81,21150.71,35546.9,295814.2
D0881,smb,2025-12-26,5,12627.53,252.55,1493.0,10881.98
D0882,smb,2025-09-15,15,10826.97,216.54,512.74,10097.69
D0883,smb,2026-06-28,2,8123.83,162.48,779.08,7182.27
D0884,smb,2025-07-20,72,14981.32,299.63,1408.67,13273.02
D0885,smb,2026-03-25,6,9917.61,198.35,1274.9,8444.36
D0886,smb,2025-12-07,24,7606.23,152.12,433.18,7020.93
D0887,enterprise,2025-07-14,78,129414.24,7764.85,7629.78,114019.61
D0888,mid_market,2025-12-22,9,64593.66,2583.75,11712.23,50297.68
D0889,mid_market,2025-11-15,46,25569.34,1022.77,1486.07,23060.5
D0890,smb,2026-01-22,68,15742.51,314.85,1336.21,14091.45
D0891,mid_market,2025-10-20,72,74144.63,2965.79,9145.13,62033.71
D0892,mid_market,2026-03-30,1,39655.46,1586.22,4940.46,33128.78
D0893,smb,2025-08-10,51,6751.63,135.03,329.01,6287.59
D0894,mid_market,2026-06-17,13,49652.76,1986.11,8239.69,39426.96
D0895,mid_market,2025-12-27,4,73651.73,2946.07,13752.67,56952.99
D0896,mid_market,2025-08-03,58,45901.88,1836.08,4578.09,39487.71
D0897,enterprise,2025-12-19,12,371446.21,22286.77,61937.16,287222.28
D0898,smb,2026-03-11,20,11635.07,232.7,631.37,10771.0
D0899,enterprise,2025-09-11,19,114696.54,6881.79,8010.16,99804.59
D0900,smb,2025-08-25,36,14248.39,284.97,1178.77,12784.65
D0901,mid_market,2025-08-02,59,26605.1,1064.2,1422.92,24117.98
D0902,enterprise,2025-08-21,40,319838.22,19190.29,28952.8,271695.13
D0903,smb,2025-11-23,38,10166.24,203.32,490.17,9472.75
D0904,smb,2026-05-24,37,12292.86,245.86,947.52,11099.48
D0905,enterprise,2026-05-09,52,297364.86,17841.89,49266.2,230256.77
D0906,enterprise,2026-01-20,70,125197.91,7511.87,6793.9,110892.14
D0907,smb,2025-09-21,9,11011.96,220.24,1505.53,9286.19
D0908,mid_market,2026-06-17,13,79497.81,3179.91,10462.14,65855.76
D0909,smb,2026-04-22,69,17399.79,348.0,1409.22,15642.57
D0910,enterprise,2025-11-27,34,411547.58,24692.85,57913.86,328940.87
D0911,enterprise,2026-01-28,62,121749.79,7304.99,9353.97,105090.83
D0912,enterprise,2026-04-06,85,271621.4,16297.28,37477.26,217846.86
D0913,mid_market,2026-03-21,10,69819.27,2792.77,11587.81,55438.69
D0914,smb,2025-07-20,72,16116.93,322.34,1378.12,14416.47
D0915,enterprise,2026-03-24,7,140304.81,8418.29,25895.2,105991.32
D0916,smb,2025-10-05,87,15368.96,307.38,1296.0,13765.58
D0917,smb,2025-11-08,53,14168.41,283.37,930.35,12954.69
D0918,enterprise,2025-10-12,80,233247.21,13994.83,20479.11,198773.27
D0919,smb,2026-06-05,25,16691.05,333.82,1391.56,14965.67
D0920,enterprise,2025-07-28,64,303506.19,18210.37,40974.74,244321.08
D0921,smb,2025-09-19,11,8278.81,165.58,997.18,7116.05
D0922,mid_market,2025-07-25,67,46501.8,1860.07,5357.96,39283.77
D0923,mid_market,2025-12-01,30,34711.19,1388.45,2222.41,31100.33
D0924,smb,2026-02-10,49,11984.03,239.68,605.56,11138.79
D0925,smb,2025-07-15,77,8344.5,166.89,555.57,7622.04
D0926,mid_market,2026-02-03,56,31983.66,1279.35,3213.28,27491.03
D0927,mid_market,2025-12-21,10,31307.39,1252.3,5296.58,24758.51
D0928,smb,2025-11-23,38,18742.34,374.85,1810.72,16556.77
D0929,mid_market,2025-07-26,66,29977.84,1199.11,1023.45,27755.28
D0930,smb,2025-12-13,18,5631.82,112.64,240.69,5278.49
D0931,mid_market,2026-04-03,88,55060.74,2202.43,5857.55,47000.76
D0932,smb,2025-11-11,50,15633.62,312.67,1002.69,14318.26
D0933,smb,2026-05-30,31,19616.7,392.33,1665.15,17559.22
D0934,smb,2026-04-27,64,14086.18,281.72,854.9,12949.56
D0935,smb,2025-10-22,70,14359.71,287.19,1317.32,12755.2
D0936,mid_market,2025-11-01,60,66640.25,2665.61,5885.21,58089.43
D0937,mid_market,2026-04-12,79,40833.93,1633.36,3075.64,36124.93
D0938,enterprise,2026-05-11,50,280294.89,16817.69,49684.98,213792.22
D0939,smb,2026-05-19,42,4672.0,93.44,167.45,4411.11
D0940,smb,2026-03-03,28,5298.34,105.97,283.67,4908.7
D0941,enterprise,2025-07-27,65,411420.16,24685.21,74204.99,312529.96
D0942,mid_market,2026-02-08,51,47039.76,1881.59,5526.79,39631.38
D0943,enterprise,2025-09-08,22,297670.99,17860.26,31841.14,247969.59
D0944,smb,2026-01-11,79,7006.26,140.13,381.88,6484.25
D0945,mid_market,2026-03-14,17,40334.79,1613.39,2358.45,36362.95
D0946,mid_market,2026-01-23,67,72503.03,2900.12,6007.01,63595.9
D0947,mid_market,2026-01-08,82,68281.53,2731.26,5102.28,60447.99
D0948,mid_market,2026-06-30,0,69745.25,2789.81,14206.97,52748.47
D0949,mid_market,2026-01-19,71,85614.23,3424.57,9566.2,72623.46
D0950,mid_market,2025-12-18,13,68058.14,2722.33,11900.52,53435.29
D0951,mid_market,2026-06-30,0,23600.56,944.02,2252.8,20403.74
D0952,smb,2026-03-02,29,14544.44,290.89,903.81,13349.74
D0953,mid_market,2025-09-19,11,22371.72,894.87,2955.96,18520.89
D0954,mid_market,2026-03-01,30,41576.07,1663.04,3399.56,36513.47
D0955,enterprise,2026-02-23,36,356294.29,21377.66,33731.56,301185.07
D0956,mid_market,2025-11-08,53,35906.19,1436.25,3438.41,31031.53
D0957,enterprise,2025-07-24,68,367110.05,22026.6,64993.64,280089.81
D0958,smb,2025-10-18,74,11836.41,236.73,890.4,10709.28
D0959,mid_market,2025-12-12,19,27161.59,1086.46,1726.33,24348.8
D0960,mid_market,2026-05-10,51,64213.59,2568.54,7703.6,53941.45
D0961,mid_market,2026-03-01,30,27348.03,1093.92,2382.32,23871.79
D0962,mid_market,2026-02-22,37,37842.4,1513.7,2171.95,34156.75
D0963,enterprise,2025-07-30,62,202290.56,12137.43,32283.46,157869.67
D0964,mid_market,2026-01-15,75,24988.47,999.54,1548.08,22440.85
D0965,smb,2026-06-23,7,11466.29,229.33,1384.02,9852.94
D0966,mid_market,2026-03-05,26,57574.69,2302.99,4902.8,50368.9
D0967,mid_market,2025-10-22,70,57036.27,2281.45,6484.45,48270.37
D0968,mid_market,2025-07-31,61,64859.17,2594.37,6889.97,55374.83
D0969,mid_market,2025-10-28,64,73359.83,2934.39,10632.03,59793.41
D0970,smb,2026-05-08,53,10859.68,217.19,585.01,10057.48
D0971,mid_market,2026-05-20,41,43167.41,1726.7,2948.13,38492.58
D0972,mid_market,2025-12-30,1,49542.6,1981.7,6279.8,41281.1
D0973,smb,2025-07-29,63,15288.4,305.77,1157.34,13825.29
D0974,enterprise,2026-04-09,82,258372.73,15502.36,21594.7,221275.67
D0975,mid_market,2026-04-13,78,42094.67,1683.79,3119.57,37291.31
D0976,smb,2026-03-19,12,7213.03,144.26,862.66,6206.11
D0977,smb,2025-07-21,71,7324.38,146.49,310.68,6867.21
D0978,enterprise,2025-10-25,67,259779.09,15586.75,41490.11,202702.23
D0979,mid_market,2025-11-28,33,73826.93,2953.08,7739.26,63134.59
D0980,mid_market,2025-09-10,20,69849.77,2793.99,6041.51,61014.27
D0981,smb,2026-04-12,79,7518.75,150.38,318.99,7049.38
D0982,mid_market,2026-01-13,77,22337.6,893.5,1131.92,20312.18
D0983,smb,2026-05-09,52,16356.35,327.13,1663.01,14366.21
D0984,smb,2026-04-21,70,6591.82,131.84,203.87,6256.11
D0985,smb,2025-11-04,57,8023.72,160.47,502.06,7361.19
D0986,mid_market,2025-09-18,12,88713.93,3548.56,14396.51,70768.86
D0987,mid_market,2026-03-27,4,51162.82,2046.51,8389.99,40726.32
D0988,enterprise,2026-04-01,90,344641.92,20678.52,37582.52,286380.88
D0989,smb,2025-11-09,52,10421.11,208.42,491.69,9721.0
D0990,mid_market,2025-12-17,14,39904.47,1596.18,4710.5,33597.79
D0991,mid_market,2026-06-12,18,39546.31,1581.85,4320.22,33644.24
D0992,smb,2026-05-14,47,12673.93,253.48,921.67,11498.78
D0993,mid_market,2025-11-22,39,28818.92,1152.76,1701.56,25964.6
D0994,smb,2025-07-04,88,7107.97,142.16,354.15,6611.66
D0995,smb,2026-02-21,38,16941.05,338.82,1332.39,15269.84
D0996,smb,2026-02-17,42,12957.49,259.15,911.65,11786.69
D0997,mid_market,2026-06-18,12,57277.16,2291.09,7334.1,47651.97
D0998,mid_market,2026-02-20,39,80740.48,3229.62,8146.53,69364.33
D0999,smb,2026-01-01,89,7033.03,140.66,350.4,6541.97
D1000,smb,2026-06-06,24,19477.14,389.54,1945.48,17142.12
D1001,mid_market,2026-01-28,62,29496.61,1179.86,1118.98,27197.77
D1002,enterprise,2026-03-23,8,300981.33,18058.88,57467.69,225454.76
D1003,smb,2025-12-18,13,12334.5,246.69,1414.38,10673.43
D1004,enterprise,2026-05-23,38,176679.62,10600.78,11364.96,154713.88
D1005,mid_market,2025-07-19,73,79595.54,3183.82,8122.94,68288.78
D1006,mid_market,2026-01-03,87,29172.14,1166.89,1293.13,26712.12
D1007,mid_market,2025-12-26,5,68243.95,2729.76,13766.66,51747.53
D1008,mid_market,2025-11-14,47,57356.94,2294.28,7076.64,47986.02
D1009,mid_market,2025-07-03,89,73643.62,2945.74,6978.76,63719.12
D1010,smb,2025-09-14,16,11885.84,237.72,854.06,10794.06
D1011,smb,2025-09-08,22,5304.03,106.08,223.39,4974.56
D1012,mid_market,2026-05-04,57,42473.17,1698.93,4088.54,36685.7
D1013,mid_market,2025-11-16,45,82641.8,3305.67,13103.13,66233.0
D1014,enterprise,2025-07-15,77,189074.77,11344.49,26128.22,151602.06
D1015,smb,2025-07-23,69,16826.66,336.53,1457.78,15032.35
D1016,mid_market,2026-02-26,33,35187.67,1407.51,3182.76,30597.4
D1017,smb,2025-10-16,76,4440.49,88.81,206.94,4144.74
D1018,mid_market,2026-01-26,64,83502.44,3340.1,11263.23,68899.11
D1019,mid_market,2025-10-20,72,40599.4,1623.98,3037.38,35938.04
D1020,enterprise,2026-05-05,56,152712.75,9162.76,19966.83,123583.16
D1021,mid_market,2025-08-26,35,21691.57,867.66,892.21,19931.7
D1022,mid_market,2025-12-14,17,71851.59,2874.06,9983.54,58993.99
D1023,mid_market,2025-12-18,13,81408.72,3256.35,12976.6,65175.77
D1024,enterprise,2026-02-10,49,415306.76,24918.41,73037.73,317350.62
D1025,mid_market,2026-05-05,56,71491.48,2859.66,5882.76,62749.06
D1026,mid_market,2025-10-21,71,49286.19,1971.45,3091.65,44223.09
D1027,smb,2026-05-17,44,11328.99,226.58,565.49,10536.92
D1028,smb,2026-03-11,20,7389.92,147.8,312.41,6929.71
D1029,smb,2026-03-08,23,7284.88,145.7,377.16,6762.02
D1030,smb,2026-03-06,25,11870.82,237.42,871.78,10761.62
D1031,smb,2026-03-26,5,7456.95,149.14,908.45,6399.36
D1032,enterprise,2026-02-17,42,149404.45,8964.27,16806.45,123633.73
D1033,mid_market,2026-04-09,82,75109.09,3004.36,7075.58,65029.15
D1034,smb,2026-03-14,17,6255.78,125.12,356.45,5774.21
D1035,smb,2025-12-26,5,8694.51,173.89,1238.8,7281.82
D1036,smb,2026-05-22,39,6845.08,136.9,172.53,6535.65
D1037,mid_market,2025-10-01,91,54544.54,2181.78,4751.05,47611.71
D1038,mid_market,2025-10-14,78,23931.0,957.24,1861.44,21112.32
D1039,smb,2026-03-21,10,16254.43,325.09,3038.95,12890.39
D1040,smb,2025-10-31,61,18851.52,377.03,1515.36,16959.13
D1041,mid_market,2025-10-17,75,61808.61,2472.34,5708.61,53627.66
D1042,mid_market,2026-01-28,62,64807.7,2592.31,5053.7,57161.69
D1043,enterprise,2026-04-23,68,145958.79,8757.53,12599.19,124602.07
D1044,mid_market,2025-12-09,22,82048.72,3281.95,11856.08,66910.69
D1045,mid_market,2026-01-23,67,24412.34,976.49,2129.19,21306.66
D1046,mid_market,2026-05-12,49,61431.65,2457.27,8328.3,50646.08
D1047,mid_market,2025-08-29,32,74173.95,2966.96,8722.08,62484.91
D1048,mid_market,2025-07-20,72,53932.6,2157.3,6224.34,45550.96
D1049,smb,2025-10-12,80,5077.47,101.55,96.67,4879.25
D1050,mid_market,2025-08-31,30,48147.34,1925.89,3920.26,42301.19
D1051,enterprise,2025-09-26,4,139116.95,8347.02,28226.64,102543.29
D1052,smb,2026-05-17,44,10168.29,203.37,582.09,9382.83
D1053,mid_market,2026-01-16,74,57128.14,2285.13,4696.99,50146.02
D1054,mid_market,2026-06-15,15,76390.48,3055.62,6563.51,66771.35
D1055,mid_market,2026-04-14,77,58111.43,2324.46,4347.65,51439.32
D1056,mid_market,2025-09-09,21,76176.86,3047.07,11341.76,61788.03
D1057,smb,2025-07-10,82,8675.49,173.51,502.89,7999.09
D1058,mid_market,2025-12-06,25,68099.29,2723.97,8146.42,57228.9
D1059,smb,2025-09-01,29,9822.43,196.45,503.29,9122.69
D1060,mid_market,2025-08-09,52,72971.64,2918.87,5729.92,64322.85
D1061,smb,2026-02-24,35,12859.95,257.2,748.73,11854.02
D1062,mid_market,2025-07-05,87,29710.16,1188.41,1681.44,26840.31
D1063,mid_market,2026-01-10,80,74032.92,2961.32,9018.08,62053.52
D1064,enterprise,2025-09-25,5,175883.52,10553.01,29234.02,136096.49
D1065,smb,2025-09-12,18,14814.76,296.3,1125.2,13393.26
D1066,mid_market,2025-12-17,14,74254.63,2970.19,13217.14,58067.3
D1067,enterprise,2025-10-27,65,369203.44,22152.21,51604.87,295446.36
D1068,smb,2025-10-11,81,12617.18,252.34,994.65,11370.19
D1069,enterprise,2025-08-29,32,129274.21,7756.45,7810.37,113707.39
D1070,smb,2026-06-26,4,18307.13,366.14,2586.64,15354.35
D1071,smb,2025-09-03,27,18411.21,368.22,1427.84,16615.15
D1072,smb,2025-10-15,77,14009.99,280.2,997.97,12731.82
D1073,mid_market,2025-12-05,26,63089.98,2523.6,4441.44,56124.94
D1074,mid_market,2025-09-07,23,72124.39,2884.98,9714.87,59524.54
D1075,mid_market,2026-05-28,33,62806.72,2512.27,7442.64,52851.81
D1076,smb,2026-02-12,47,19003.86,380.08,1774.26,16849.52
D1077,enterprise,2026-02-16,43,159042.61,9542.56,14318.94,135181.11
D1078,smb,2026-04-30,61,14530.34,290.61,1292.31,12947.42
D1079,mid_market,2025-09-14,16,64845.99,2593.84,7431.67,54820.48
D1080,smb,2026-03-05,26,4139.45,82.79,67.54,3989.12
D1081,mid_market,2025-11-06,55,53128.42,2125.14,4541.33,46461.95
D1082,mid_market,2025-12-02,29,24514.79,980.59,2234.87,21299.33
D1083,mid_market,2025-12-17,14,51952.39,2078.1,6820.63,43053.66
D1084,smb,2025-10-06,86,4281.57,85.63,110.76,4085.18
D1085,mid_market,2026-06-03,27,60235.99,2409.44,5151.28,52675.27
D1086,smb,2026-05-10,51,5585.31,111.71,237.23,5236.37
D1087,enterprise,2025-07-09,83,124120.97,7447.26,18320.68,98353.03
D1088,smb,2025-10-04,88,14914.4,298.29,1267.42,13348.69
D1089,enterprise,2026-03-27,4,138568.62,8314.12,17227.3,113027.2
D1090,smb,2025-10-18,74,8806.26,176.13,453.22,8176.91
D1091,mid_market,2026-02-03,56,37944.92,1517.8,4271.01,32156.11
D1092,smb,2025-12-23,8,7886.91,157.74,672.39,7056.78
D1093,smb,2025-07-02,90,11318.89,226.38,768.34,10324.17
D1094,smb,2025-08-12,49,19475.39,389.51,1797.53,17288.35
D1095,smb,2026-03-01,30,7014.01,140.28,320.89,6552.84
D1096,mid_market,2025-09-02,28,30096.08,1203.84,2141.74,26750.5
D1097,mid_market,2025-12-09,22,48857.03,1954.28,4876.72,42026.03
D1098,mid_market,2025-10-08,84,50328.92,2013.16,5855.92,42459.84
D1099,mid_market,2026-06-12,18,24104.9,964.2,1210.57,21930.13
D1100,smb,2026-05-29,32,6410.2,128.2,218.8,6063.2
