contract_id,segment,booked_month,term_months,acv,tcv,billing
K00001,smb,2024-01,12,4861.5,4861.5,annual
K00002,enterprise,2024-01,36,306697.6,920092.8,annual
K00003,enterprise,2024-01,12,347797.84,347797.84,annual
K00004,mid_market,2024-01,24,21257.28,42514.56,annual
K00005,smb,2024-01,12,12707.18,12707.18,monthly
K00006,enterprise,2024-01,36,393918.36,1181755.08,annual
K00007,smb,2024-01,12,6776.44,6776.44,monthly
K00008,smb,2024-01,12,13047.01,13047.01,quarterly
K00009,smb,2024-01,12,17370.07,17370.07,monthly
K00010,enterprise,2024-01,36,393047.14,1179141.42,annual
K00011,mid_market,2024-01,24,33365.75,66731.5,quarterly
K00012,smb,2024-01,12,16830.85,16830.85,monthly
K00013,smb,2024-01,12,8571.83,8571.83,monthly
K00014,smb,2024-01,12,8521.51,8521.51,monthly
K00015,smb,2024-01,12,12477.9,12477.9,quarterly
K00016,mid_market,2024-01,24,40204.05,80408.1,annual
K00017,enterprise,2024-01,36,375375.46,1126126.38,annual
K00018,smb,2024-01,12,13287.6,13287.6,quarterly
K00019,mid_market,2024-01,12,46570.13,46570.13,quarterly
K00020,enterprise,2024-01,12,331745.29,331745.29,quarterly
K00021,smb,2024-01,12,13028.06,13028.06,monthly
K00022,smb,2024-02,12,14374.68,14374.68,monthly
K00023,mid_market,2024-02,24,56007.49,112014.98,annual
K00024,mid_market,2024-02,24,32393.66,64787.32,annual
K00025,mid_market,2024-02,24,63304.82,126609.64,annual
K00026,mid_market,2024-02,24,78978.47,157956.94,annual
K00027,smb,2024-02,12,17796.83,17796.83,quarterly
K00028,enterprise,2024-02,24,301938.8,603877.6,annual
K00029,smb,2024-02,12,5182.79,5182.79,monthly
K00030,mid_market,2024-02,12,40190.02,40190.02,annual
K00031,smb,2024-02,12,14084.6,14084.6,annual
K00032,mid_market,2024-02,12,21652.12,21652.12,monthly
K00033,smb,2024-02,12,16973.23,16973.23,annual
K00034,mid_market,2024-02,24,61845.02,123690.04,annual
K00035,enterprise,2024-02,36,179656.15,538968.45,annual
K00036,mid_market,2024-02,24,64791.4,129582.8,annual
K00037,smb,2024-02,12,8150.86,8150.86,monthly
K00038,enterprise,2024-02,24,380581.17,761162.34,annual
K00039,mid_market,2024-02,12,76374.16,76374.16,monthly
K00040,smb,2024-02,12,13269.44,13269.44,quarterly
K00041,mid_market,2024-02,12,18540.69,18540.69,monthly
K00042,smb,2024-03,12,4442.79,4442.79,monthly
K00043,mid_market,2024-03,12,45466.89,45466.89,annual
K00044,smb,2024-03,12,3789.44,3789.44,annual
K00045,mid_market,2024-03,24,27388.16,54776.32,quarterly
K00046,smb,2024-03,12,10841.0,10841.0,quarterly
K00047,enterprise,2024-03,36,228697.91,686093.73,annual
K00048,mid_market,2024-03,12,27120.98,27120.98,annual
K00049,smb,2024-03,12,15554.61,15554.61,annual
K00050,enterprise,2024-03,24,261786.86,523573.72,annual
K00051,enterprise,2024-03,36,274976.54,824929.62,annual
K00052,mid_market,2024-03,12,61085.69,61085.69,annual
K00053,enterprise,2024-03,24,360703.41,721406.82,quarterly
K00054,mid_market,2024-03,12,48662.99,48662.99,quarterly
K00055,enterprise,2024-03,12,94098.34,94098.34,annual
K00056,mid_market,2024-04,12,56011.75,56011.75,annual
K00057,smb,2024-04,12,12477.52,12477.52,monthly
K00058,smb,2024-04,12,9388.62,9388.62,monthly
K00059,mid_market,2024-04,12,18137.77,18137.77,annual
K00060,smb,2024-04,12,17329.28,17329.28,monthly
K00061,mid_market,2024-04,24,18421.03,36842.06,annual
K00062,mid_market,2024-04,24,73378.16,146756.32,annual
K00063,enterprise,2024-04,24,134658.94,269317.88,annual
K00064,enterprise,2024-04,36,320217.9,960653.7,annual
K00065,mid_market,2024-04,24,53226.39,106452.78,quarterly
K00066,mid_market,2024-04,12,39994.2,39994.2,annual
K00067,mid_market,2024-04,24,65896.83,131793.66,annual
K00068,mid_market,2024-04,24,35749.33,71498.66,annual
K00069,smb,2024-04,12,13199.81,13199.81,annual
K00070,mid_market,2024-04,24,69792.37,139584.74,monthly
K00071,mid_market,2024-05,24,23136.44,46272.88,annual
K00072,smb,2024-05,12,11287.36,11287.36,monthly
K00073,mid_market,2024-05,24,28584.01,57168.02,annual
K00074,enterprise,2024-05,24,254302.84,508605.68,annual
K00075,smb,2024-05,12,16820.52,16820.52,monthly
K00076,enterprise,2024-05,12,123701.74,123701.74,annual
K00077,smb,2024-05,12,12109.69,12109.69,quarterly
K00078,smb,2024-05,12,10949.25,10949.25,monthly
K00079,smb,2024-05,12,3773.89,3773.89,annual
K00080,mid_market,2024-05,24,26973.01,53946.02,monthly
K00081,smb,2024-05,12,15514.11,15514.11,monthly
K00082,smb,2024-05,12,10394.54,10394.54,quarterly
K00083,enterprise,2024-05,36,361649.01,1084947.03,quarterly
K00084,smb,2024-05,12,9291.1,9291.1,annual
K00085,smb,2024-05,12,11962.38,11962.38,monthly
K00086,smb,2024-06,12,3131.42,3131.42,annual
K00087,smb,2024-06,12,3743.92,3743.92,quarterly
K00088,mid_market,2024-06,12,35936.78,35936.78,quarterly
K00089,smb,2024-06,12,9286.44,9286.44,annual
K00090,mid_market,2024-06,24,23816.82,47633.64,annual
K00091,mid_market,2024-06,24,66430.11,132860.22,annual
K00092,enterprise,2024-06,12,88496.86,88496.86,annual
K00093,mid_market,2024-06,12,40175.47,40175.47,annual
K00094,enterprise,2024-06,24,95775.27,191550.54,annual
K00095,smb,2024-06,12,12169.31,12169.31,monthly
K00096,smb,2024-06,12,8611.83,8611.83,monthly
K00097,enterprise,2024-06,36,397138.4,1191415.2,quarterly
K00098,smb,2024-06,12,5225.12,5225.12,monthly
K00099,smb,2024-06,12,17630.56,17630.56,monthly
K00100,enterprise,2024-06,12,115948.22,115948.22,annual
K00101,mid_market,2024-06,12,69025.97,69025.97,monthly
K00102,mid_market,2024-07,24,53902.94,107805.88,annual
K00103,mid_market,2024-07,24,47916.2,95832.4,monthly
K00104,enterprise,2024-07,12,266799.18,266799.18,annual
K00105,mid_market,2024-07,12,40613.64,40613.64,annual
K00106,smb,2024-07,12,13097.45,13097.45,monthly
K00107,mid_market,2024-07,12,40391.44,40391.44,annual
K00108,smb,2024-07,12,17796.64,17796.64,annual
K00109,mid_market,2024-07,24,23172.11,46344.22,quarterly
K00110,mid_market,2024-07,24,47539.22,95078.44,annual
K00111,mid_market,2024-07,12,35696.04,35696.04,annual
K00112,smb,2024-07,12,15084.91,15084.91,quarterly
K00113,mid_market,2024-07,24,53340.51,106681.02,quarterly
K00114,enterprise,2024-07,12,101491.8,101491.8,annual
K00115,mid_market,2024-07,12,77009.32,77009.32,quarterly
K00116,smb,2024-07,12,14287.43,14287.43,quarterly
K00117,mid_market,2024-07,24,65623.21,131246.42,annual
K00118,smb,2024-07,12,8451.68,8451.68,monthly
K00119,smb,2024-07,12,6361.57,6361.57,annual
K00120,mid_market,2024-07,24,32626.88,65253.76,annual
K00121,mid_market,2024-07,12,78526.25,78526.25,annual
K00122,mid_market,2024-07,12,46511.53,46511.53,annual
K00123,smb,2024-07,12,6737.72,6737.72,monthly
K00124,mid_market,2024-07,24,40480.03,80960.06,annual
K00125,smb,2024-07,12,9661.09,9661.09,monthly
K00126,mid_market,2024-07,12,38683.29,38683.29,annual
K00127,enterprise,2024-07,36,183229.62,549688.86,annual
K00128,enterprise,2024-08,24,362252.76,724505.52,annual
K00129,smb,2024-08,12,9405.37,9405.37,monthly
K00130,mid_market,2024-08,24,72754.08,145508.16,annual
K00131,smb,2024-08,12,12707.18,12707.18,monthly
K00132,smb,2024-08,12,8566.84,8566.84,annual
K00133,enterprise,2024-08,36,230898.54,692695.62,annual
K00134,mid_market,2024-08,24,41766.47,83532.94,quarterly
K00135,mid_market,2024-08,24,62082.88,124165.76,quarterly
K00136,smb,2024-08,12,10158.7,10158.7,quarterly
K00137,enterprise,2024-08,12,136831.36,136831.36,annual
K00138,enterprise,2024-08,36,166994.45,500983.35,annual
K00139,enterprise,2024-08,12,316694.22,316694.22,quarterly
K00140,smb,2024-08,12,8804.06,8804.06,monthly
K00141,mid_market,2024-08,12,27340.11,27340.11,quarterly
K00142,smb,2024-08,12,15197.83,15197.83,quarterly
K00143,mid_market,2024-08,24,19347.79,38695.58,annual
K00144,enterprise,2024-08,36,245570.37,736711.11,annual
K00145,mid_market,2024-08,12,64946.43,64946.43,annual
K00146,mid_market,2024-08,24,20076.77,40153.54,annual
K00147,mid_market,2024-08,24,75234.18,150468.36,monthly
K00148,mid_market,2024-08,12,47886.12,47886.12,annual
K00149,smb,2024-08,12,5184.53,5184.53,monthly
K00150,smb,2024-08,12,12591.22,12591.22,monthly
K00151,mid_market,2024-08,24,75950.91,151901.82,annual
K00152,mid_market,2024-08,24,63411.05,126822.1,annual
K00153,smb,2024-08,12,10526.02,10526.02,monthly
K00154,mid_market,2024-08,24,58686.46,117372.92,annual
K00155,enterprise,2024-09,12,395335.63,395335.63,annual
K00156,smb,2024-09,12,6947.81,6947.81,annual
K00157,mid_market,2024-09,24,35102.55,70205.1,annual
K00158,mid_market,2024-09,12,34658.27,34658.27,quarterly
K00159,smb,2024-09,12,13727.54,13727.54,quarterly
K00160,smb,2024-09,12,14462.11,14462.11,monthly
K00161,mid_market,2024-09,24,68711.14,137422.28,annual
K00162,smb,2024-09,12,3695.63,3695.63,monthly
K00163,smb,2024-09,12,14448.13,14448.13,monthly
K00164,mid_market,2024-09,12,48097.64,48097.64,monthly
K00165,mid_market,2024-09,12,45321.62,45321.62,monthly
K00166,mid_market,2024-09,24,19526.11,39052.22,annual
K00167,mid_market,2024-09,12,45342.77,45342.77,monthly
K00168,smb,2024-09,12,3477.59,3477.59,quarterly
K00169,smb,2024-09,12,10876.59,10876.59,monthly
K00170,mid_market,2024-09,12,42689.27,42689.27,annual
K00171,smb,2024-09,12,8307.58,8307.58,monthly
K00172,smb,2024-09,12,15484.35,15484.35,annual
K00173,enterprise,2024-09,24,210769.0,421538.0,annual
K00174,smb,2024-09,12,9585.33,9585.33,monthly
K00175,mid_market,2024-09,12,52220.64,52220.64,quarterly
K00176,smb,2024-09,12,11308.25,11308.25,annual
K00177,enterprise,2024-09,24,116672.72,233345.44,annual
K00178,mid_market,2024-09,24,62875.02,125750.04,monthly
K00179,mid_market,2024-10,24,36085.8,72171.6,monthly
K00180,smb,2024-10,12,17903.89,17903.89,quarterly
K00181,smb,2024-10,12,16224.95,16224.95,annual
K00182,enterprise,2024-10,24,373977.0,747954.0,annual
K00183,mid_market,2024-10,24,22272.51,44545.02,annual
K00184,smb,2024-10,12,3430.54,3430.54,monthly
K00185,smb,2024-10,12,3931.32,3931.32,annual
K00186,mid_market,2024-10,12,39332.93,39332.93,annual
K00187,smb,2024-10,12,17887.34,17887.34,quarterly
K00188,mid_market,2024-10,24,33311.03,66622.06,annual
K00189,enterprise,2024-10,36,329243.24,987729.72,monthly
K00190,smb,2024-10,12,15197.21,15197.21,annual
K00191,enterprise,2024-10,24,231405.05,462810.1,annual
K00192,mid_market,2024-10,12,20544.04,20544.04,annual
K00193,smb,2024-10,12,4744.46,4744.46,monthly
K00194,enterprise,2024-10,36,172870.0,518610.0,annual
K00195,smb,2024-10,12,10644.63,10644.63,monthly
K00196,mid_market,2024-10,24,62167.79,124335.58,annual
K00197,enterprise,2024-10,36,117623.4,352870.2,annual
K00198,smb,2024-10,12,4450.01,4450.01,annual
K00199,mid_market,2024-10,12,38101.05,38101.05,annual
K00200,smb,2024-10,12,13665.54,13665.54,quarterly
K00201,smb,2024-10,12,11259.34,11259.34,annual
K00202,mid_market,2024-10,12,69426.89,69426.89,monthly
K00203,smb,2024-10,12,13009.15,13009.15,monthly
K00204,mid_market,2024-10,12,46713.62,46713.62,monthly
K00205,smb,2024-10,12,16377.02,16377.02,monthly
K00206,smb,2024-10,12,15530.51,15530.51,annual
K00207,mid_market,2024-10,12,74874.93,74874.93,annual
K00208,mid_market,2024-10,24,53425.46,106850.92,quarterly
K00209,smb,2024-10,12,16901.78,16901.78,annual
K00210,mid_market,2024-11,12,22340.06,22340.06,monthly
K00211,smb,2024-11,12,12500.09,12500.09,monthly
K00212,smb,2024-11,12,15787.08,15787.08,annual
K00213,mid_market,2024-11,24,23807.13,47614.26,monthly
K00214,smb,2024-11,12,9664.75,9664.75,monthly
K00215,smb,2024-11,12,10609.74,10609.74,monthly
K00216,smb,2024-11,12,6597.81,6597.81,annual
K00217,enterprise,2024-11,36,214038.86,642116.58,monthly
K00218,smb,2024-11,12,15838.43,15838.43,annual
K00219,smb,2024-11,12,9269.45,9269.45,monthly
K00220,smb,2024-11,12,6002.56,6002.56,monthly
K00221,mid_market,2024-11,12,53677.23,53677.23,annual
K00222,smb,2024-11,12,7896.27,7896.27,monthly
K00223,smb,2024-11,12,3254.69,3254.69,monthly
K00224,enterprise,2024-11,12,339571.52,339571.52,annual
K00225,smb,2024-11,12,4427.89,4427.89,quarterly
K00226,mid_market,2024-11,12,51664.84,51664.84,annual
K00227,mid_market,2024-11,12,30547.52,30547.52,quarterly
K00228,smb,2024-11,12,3830.8,3830.8,monthly
K00229,enterprise,2024-11,24,363689.83,727379.66,annual
K00230,smb,2024-11,12,8134.08,8134.08,quarterly
K00231,smb,2024-11,12,13745.09,13745.09,quarterly
K00232,enterprise,2024-11,36,239844.58,719533.74,annual
K00233,smb,2024-11,12,17329.88,17329.88,annual
K00234,smb,2024-11,12,12922.87,12922.87,monthly
K00235,smb,2024-11,12,13458.54,13458.54,annual
K00236,smb,2024-11,12,6115.77,6115.77,monthly
K00237,smb,2024-11,12,11095.98,11095.98,annual
K00238,mid_market,2024-11,12,62125.51,62125.51,monthly
K00239,enterprise,2024-12,24,353006.99,706013.98,annual
K00240,mid_market,2024-12,12,29905.28,29905.28,quarterly
K00241,smb,2024-12,12,12384.42,12384.42,monthly
K00242,mid_market,2024-12,24,42279.24,84558.48,annual
K00243,enterprise,2024-12,36,122256.38,366769.14,quarterly
K00244,mid_market,2024-12,24,77716.35,155432.7,annual
K00245,mid_market,2024-12,12,59168.38,59168.38,monthly
K00246,mid_market,2024-12,24,42292.98,84585.96,annual
K00247,enterprise,2024-12,24,157148.54,314297.08,annual
K00248,mid_market,2024-12,24,49346.37,98692.74,monthly
K00249,mid_market,2024-12,24,48632.54,97265.08,monthly
K00250,enterprise,2024-12,36,233915.84,701747.52,quarterly
K00251,enterprise,2024-12,24,157956.92,315913.84,annual
K00252,smb,2024-12,12,14788.33,14788.33,annual
K00253,smb,2024-12,12,17850.26,17850.26,monthly
K00254,smb,2024-12,12,3225.71,3225.71,annual
K00255,smb,2024-12,12,10572.71,10572.71,annual
K00256,smb,2024-12,12,5496.44,5496.44,monthly
K00257,mid_market,2024-12,12,21371.53,21371.53,annual
K00258,smb,2024-12,12,5020.7,5020.7,monthly
K00259,mid_market,2024-12,24,25571.37,51142.74,annual
K00260,smb,2024-12,12,11212.62,11212.62,quarterly
K00261,smb,2024-12,12,8113.39,8113.39,monthly
K00262,smb,2024-12,12,3274.35,3274.35,quarterly
K00263,mid_market,2024-12,12,44557.96,44557.96,quarterly
K00264,smb,2024-12,12,7104.14,7104.14,quarterly
K00265,mid_market,2024-12,24,33627.48,67254.96,annual
K00266,mid_market,2025-01,12,65933.4,65933.4,annual
K00267,smb,2025-01,12,15664.06,15664.06,annual
K00268,smb,2025-01,12,15634.83,15634.83,monthly
K00269,mid_market,2025-01,12,54085.44,54085.44,annual
K00270,smb,2025-01,12,13049.12,13049.12,monthly
K00271,mid_market,2025-01,24,28736.79,57473.58,quarterly
K00272,mid_market,2025-01,12,66214.88,66214.88,annual
K00273,smb,2025-01,12,17568.72,17568.72,annual
K00274,mid_market,2025-01,24,24212.83,48425.66,annual
K00275,mid_market,2025-01,24,71905.4,143810.8,annual
K00276,smb,2025-01,12,7165.62,7165.62,monthly
K00277,mid_market,2025-01,12,75864.66,75864.66,quarterly
K00278,smb,2025-01,12,13457.34,13457.34,monthly
K00279,mid_market,2025-01,24,54973.45,109946.9,annual
K00280,mid_market,2025-01,12,76652.2,76652.2,annual
K00281,enterprise,2025-01,36,228245.17,684735.51,annual
K00282,mid_market,2025-01,12,31264.8,31264.8,annual
K00283,smb,2025-01,12,8604.34,8604.34,monthly
K00284,smb,2025-01,12,15405.18,15405.18,monthly
K00285,mid_market,2025-01,24,36548.69,73097.38,annual
K00286,smb,2025-01,12,4839.88,4839.88,annual
K00287,mid_market,2025-01,12,55570.77,55570.77,annual
K00288,mid_market,2025-01,24,30007.21,60014.42,annual
K00289,smb,2025-02,12,5627.24,5627.24,monthly
K00290,smb,2025-02,12,14036.43,14036.43,annual
K00291,smb,2025-02,12,7831.1,7831.1,annual
K00292,smb,2025-02,12,16721.81,16721.81,monthly
K00293,mid_market,2025-02,24,21094.18,42188.36,annual
K00294,mid_market,2025-02,24,66518.15,133036.3,annual
K00295,smb,2025-02,12,3578.23,3578.23,monthly
K00296,enterprise,2025-02,36,361227.6,1083682.8,annual
K00297,mid_market,2025-02,24,57840.77,115681.54,quarterly
K00298,smb,2025-02,12,9064.0,9064.0,monthly
K00299,enterprise,2025-02,24,283173.63,566347.26,annual
K00300,mid_market,2025-02,12,72431.38,72431.38,monthly
K00301,mid_market,2025-02,12,23376.02,23376.02,annual
K00302,smb,2025-02,12,12010.84,12010.84,quarterly
K00303,mid_market,2025-02,24,58154.93,116309.86,annual
K00304,enterprise,2025-02,24,131710.87,263421.74,annual
K00305,smb,2025-02,12,14381.85,14381.85,monthly
K00306,enterprise,2025-02,36,395617.89,1186853.67,annual
K00307,smb,2025-02,12,15096.2,15096.2,monthly
K00308,smb,2025-02,12,12272.05,12272.05,quarterly
K00309,mid_market,2025-02,24,33471.99,66943.98,annual
K00310,mid_market,2025-02,12,76976.12,76976.12,monthly
K00311,mid_market,2025-02,24,48190.02,96380.04,monthly
K00312,smb,2025-02,12,6620.18,6620.18,annual
K00313,smb,2025-02,12,6583.03,6583.03,annual
K00314,enterprise,2025-02,36,317474.23,952422.69,annual
K00315,enterprise,2025-02,24,217202.66,434405.32,annual
K00316,enterprise,2025-02,36,266333.46,799000.38,annual
K00317,mid_market,2025-02,24,43415.27,86830.54,annual
K00318,smb,2025-02,12,17103.13,17103.13,monthly
K00319,mid_market,2025-02,24,70552.96,141105.92,annual
K00320,enterprise,2025-03,36,264239.76,792719.28,annual
K00321,mid_market,2025-03,12,29314.86,29314.86,quarterly
K00322,mid_market,2025-03,24,70066.89,140133.78,monthly
K00323,enterprise,2025-03,12,243198.7,243198.7,annual
K00324,smb,2025-03,12,8264.01,8264.01,monthly
K00325,mid_market,2025-03,24,18590.43,37180.86,annual
K00326,mid_market,2025-03,24,72362.88,144725.76,annual
K00327,enterprise,2025-03,12,204378.21,204378.21,monthly
K00328,mid_market,2025-03,12,66960.12,66960.12,annual
K00329,smb,2025-03,12,6878.23,6878.23,annual
K00330,mid_market,2025-03,12,51110.14,51110.14,annual
K00331,mid_market,2025-03,24,38294.87,76589.74,monthly
K00332,mid_market,2025-03,12,56111.75,56111.75,quarterly
K00333,mid_market,2025-03,24,21486.83,42973.66,quarterly
K00334,mid_market,2025-03,12,71663.61,71663.61,quarterly
K00335,smb,2025-03,12,7236.5,7236.5,monthly
K00336,mid_market,2025-03,24,40271.05,80542.1,annual
K00337,mid_market,2025-03,24,25003.27,50006.54,quarterly
K00338,mid_market,2025-03,12,57810.84,57810.84,annual
K00339,mid_market,2025-03,24,57500.4,115000.8,annual
K00340,smb,2025-03,12,17475.67,17475.67,monthly
K00341,enterprise,2025-03,24,228699.94,457399.88,annual
K00342,mid_market,2025-03,24,75205.47,150410.94,monthly
K00343,smb,2025-03,12,16948.08,16948.08,quarterly
K00344,mid_market,2025-03,12,68214.2,68214.2,annual
K00345,enterprise,2025-03,36,285535.26,856605.78,monthly
K00346,smb,2025-03,12,12094.33,12094.33,annual
K00347,mid_market,2025-03,24,36332.01,72664.02,monthly
K00348,smb,2025-03,12,16824.2,16824.2,annual
K00349,smb,2025-03,12,10556.96,10556.96,monthly
K00350,smb,2025-03,12,6073.36,6073.36,monthly
K00351,enterprise,2025-03,36,318893.46,956680.38,annual
K00352,mid_market,2025-03,12,55545.51,55545.51,quarterly
K00353,enterprise,2025-03,36,94601.48,283804.44,quarterly
K00354,smb,2025-04,12,8484.99,8484.99,monthly
K00355,mid_market,2025-04,24,61896.7,123793.4,annual
K00356,smb,2025-04,12,6340.63,6340.63,annual
K00357,mid_market,2025-04,12,31697.01,31697.01,annual
K00358,mid_market,2025-04,24,68716.32,137432.64,quarterly
K00359,smb,2025-04,12,4954.07,4954.07,monthly
K00360,smb,2025-04,12,10366.52,10366.52,monthly
K00361,mid_market,2025-04,12,77923.99,77923.99,quarterly
K00362,smb,2025-04,12,14355.84,14355.84,monthly
K00363,mid_market,2025-04,24,31958.19,63916.38,annual
K00364,mid_market,2025-04,24,78222.63,156445.26,quarterly
K00365,mid_market,2025-04,12,51766.3,51766.3,monthly
K00366,enterprise,2025-04,12,121621.3,121621.3,monthly
K00367,mid_market,2025-04,12,38926.06,38926.06,annual
K00368,enterprise,2025-04,36,191856.21,575568.63,annual
K00369,mid_market,2025-04,24,35217.45,70434.9,quarterly
K00370,mid_market,2025-04,12,76353.28,76353.28,quarterly
K00371,smb,2025-04,12,4658.51,4658.51,monthly
K00372,enterprise,2025-04,24,87955.8,175911.6,monthly
K00373,smb,2025-04,12,6744.57,6744.57,quarterly
K00374,enterprise,2025-04,24,361210.07,722420.14,annual
K00375,mid_market,2025-05,12,78494.75,78494.75,quarterly
K00376,mid_market,2025-05,12,19032.55,19032.55,annual
K00377,mid_market,2025-05,12,18557.67,18557.67,annual
K00378,mid_market,2025-05,12,71820.96,71820.96,annual
K00379,smb,2025-05,12,15671.43,15671.43,monthly
K00380,enterprise,2025-05,12,202851.65,202851.65,annual
K00381,mid_market,2025-05,12,44047.28,44047.28,annual
K00382,enterprise,2025-05,36,218534.25,655602.75,monthly
K00383,mid_market,2025-05,24,48822.57,97645.14,quarterly
K00384,mid_market,2025-05,12,79175.49,79175.49,monthly
K00385,mid_market,2025-05,24,33027.94,66055.88,monthly
K00386,smb,2025-05,12,10661.81,10661.81,annual
K00387,enterprise,2025-05,12,344943.06,344943.06,annual
K00388,mid_market,2025-05,24,48412.15,96824.3,annual
K00389,smb,2025-05,12,17214.01,17214.01,annual
K00390,enterprise,2025-05,12,353621.26,353621.26,annual
K00391,smb,2025-05,12,10645.93,10645.93,monthly
K00392,mid_market,2025-05,24,76971.61,153943.22,annual
K00393,smb,2025-05,12,14938.05,14938.05,monthly
K00394,mid_market,2025-05,12,35857.83,35857.83,annual
K00395,mid_market,2025-05,24,38760.6,77521.2,monthly
K00396,enterprise,2025-05,24,118395.9,236791.8,annual
K00397,enterprise,2025-05,36,227558.7,682676.1,annual
K00398,mid_market,2025-05,12,21514.2,21514.2,annual
K00399,enterprise,2025-05,36,277827.27,833481.81,annual
K00400,smb,2025-05,12,13210.2,13210.2,monthly
K00401,smb,2025-05,12,14294.64,14294.64,monthly
K00402,enterprise,2025-06,12,150287.06,150287.06,annual
K00403,smb,2025-06,12,6567.2,6567.2,quarterly
K00404,smb,2025-06,12,12016.94,12016.94,quarterly
K00405,smb,2025-06,12,6200.39,6200.39,monthly
K00406,mid_market,2025-06,24,78734.16,157468.32,annual
K00407,mid_market,2025-06,24,28677.57,57355.14,annual
K00408,enterprise,2025-06,12,364604.53,364604.53,annual
K00409,smb,2025-06,12,14569.93,14569.93,monthly
K00410,smb,2025-06,12,5068.75,5068.75,monthly
K00411,mid_market,2025-06,24,19756.31,39512.62,monthly
K00412,mid_market,2025-06,12,39419.6,39419.6,annual
K00413,mid_market,2025-06,24,46702.08,93404.16,annual
K00414,smb,2025-06,12,3268.93,3268.93,quarterly
K00415,mid_market,2025-06,12,47719.23,47719.23,annual
K00416,mid_market,2025-06,12,23327.5,23327.5,monthly
K00417,smb,2025-06,12,6829.1,6829.1,monthly
K00418,smb,2025-06,12,9799.08,9799.08,monthly
K00419,mid_market,2025-06,24,29529.96,59059.92,quarterly
K00420,enterprise,2025-06,36,270852.72,812558.16,annual
K00421,mid_market,2025-06,24,69929.61,139859.22,monthly
K00422,smb,2025-06,12,11567.55,11567.55,monthly
K00423,enterprise,2025-06,12,359201.83,359201.83,annual
K00424,enterprise,2025-06,12,210786.43,210786.43,annual
K00425,smb,2025-06,12,12731.16,12731.16,annual
K00426,smb,2025-07,12,11024.82,11024.82,monthly
K00427,smb,2025-07,12,6474.08,6474.08,monthly
K00428,mid_market,2025-07,24,46461.59,92923.18,quarterly
K00429,smb,2025-07,12,3280.79,3280.79,monthly
K00430,smb,2025-07,12,4560.99,4560.99,quarterly
K00431,enterprise,2025-07,36,276713.19,830139.57,annual
K00432,mid_market,2025-07,12,72064.44,72064.44,quarterly
K00433,mid_market,2025-07,12,47701.15,47701.15,quarterly
K00434,mid_market,2025-07,24,21402.29,42804.58,annual
K00435,smb,2025-07,12,6254.98,6254.98,monthly
K00436,mid_market,2025-07,12,33074.65,33074.65,quarterly
K00437,mid_market,2025-07,24,62034.52,124069.04,annual
K00438,mid_market,2025-07,12,61493.77,61493.77,quarterly
K00439,smb,2025-07,12,11424.69,11424.69,monthly
K00440,smb,2025-07,12,8690.43,8690.43,quarterly
K00441,enterprise,2025-07,24,316976.26,633952.52,annual
K00442,smb,2025-07,12,10198.95,10198.95,annual
K00443,enterprise,2025-07,36,136026.93,408080.79,quarterly
K00444,mid_market,2025-07,24,75938.13,151876.26,quarterly
K00445,smb,2025-07,12,16669.9,16669.9,annual
K00446,smb,2025-07,12,14932.69,14932.69,quarterly
K00447,smb,2025-07,12,3607.17,3607.17,annual
K00448,smb,2025-07,12,3902.38,3902.38,quarterly
K00449,mid_market,2025-07,12,63396.89,63396.89,annual
K00450,smb,2025-07,12,14072.98,14072.98,monthly
K00451,enterprise,2025-07,12,136278.62,136278.62,annual
K00452,mid_market,2025-07,12,45816.65,45816.65,monthly
K00453,mid_market,2025-07,12,62360.56,62360.56,quarterly
K00454,smb,2025-07,12,3687.8,3687.8,annual
K00455,mid_market,2025-07,24,37904.01,75808.02,annual
K00456,smb,2025-07,12,7137.29,7137.29,annual
K00457,mid_market,2025-07,12,35299.76,35299.76,annual
K00458,mid_market,2025-07,12,41334.84,41334.84,quarterly
K00459,smb,2025-07,12,8673.75,8673.75,monthly
K00460,mid_market,2025-07,12,32263.11,32263.11,annual
K00461,enterprise,2025-07,24,137752.07,275504.14,annual
K00462,enterprise,2025-07,12,91302.12,91302.12,annual
K00463,mid_market,2025-07,24,56344.97,112689.94,quarterly
K00464,smb,2025-07,12,7273.94,7273.94,quarterly
K00465,smb,2025-07,12,8730.82,8730.82,quarterly
K00466,smb,2025-07,12,14543.56,14543.56,monthly
K00467,smb,2025-08,12,9593.79,9593.79,monthly
K00468,mid_market,2025-08,24,29504.59,59009.18,annual
K00469,smb,2025-08,12,9362.95,9362.95,annual
K00470,smb,2025-08,12,6572.79,6572.79,monthly
K00471,enterprise,2025-08,36,242427.59,727282.77,annual
K00472,smb,2025-08,12,17922.71,17922.71,monthly
K00473,mid_market,2025-08,24,26407.91,52815.82,annual
K00474,mid_market,2025-08,24,55426.01,110852.02,quarterly
K00475,mid_market,2025-08,24,24369.94,48739.88,quarterly
K00476,mid_market,2025-08,12,43576.52,43576.52,annual
K00477,smb,2025-08,12,17938.62,17938.62,monthly
K00478,smb,2025-08,12,13541.31,13541.31,monthly
K00479,mid_market,2025-08,24,51721.36,103442.72,quarterly
K00480,mid_market,2025-08,24,76427.6,152855.2,annual
K00481,smb,2025-08,12,4991.96,4991.96,monthly
K00482,enterprise,2025-08,24,205706.01,411412.02,annual
K00483,smb,2025-08,12,14703.93,14703.93,quarterly
K00484,smb,2025-08,12,11300.26,11300.26,annual
K00485,smb,2025-08,12,16204.13,16204.13,annual
K00486,smb,2025-08,12,14372.17,14372.17,monthly
K00487,smb,2025-08,12,13172.43,13172.43,quarterly
K00488,enterprise,2025-08,24,314600.02,629200.04,annual
K00489,enterprise,2025-08,24,204738.31,409476.62,annual
K00490,enterprise,2025-08,12,101428.42,101428.42,annual
K00491,mid_market,2025-08,24,23772.57,47545.14,annual
K00492,smb,2025-08,12,4373.76,4373.76,quarterly
K00493,mid_market,2025-08,24,42390.87,84781.74,annual
K00494,enterprise,2025-08,36,192148.17,576444.51,annual
K00495,mid_market,2025-08,12,20663.92,20663.92,annual
K00496,smb,2025-08,12,4654.77,4654.77,annual
K00497,mid_market,2025-08,24,71039.55,142079.1,annual
K00498,smb,2025-08,12,13286.89,13286.89,monthly
K00499,smb,2025-08,12,16527.66,16527.66,monthly
K00500,mid_market,2025-09,12,74291.54,74291.54,quarterly
K00501,enterprise,2025-09,24,91907.82,183815.64,annual
K00502,mid_market,2025-09,12,45212.61,45212.61,quarterly
K00503,smb,2025-09,12,10677.58,10677.58,annual
K00504,enterprise,2025-09,36,92670.61,278011.83,annual
K00505,smb,2025-09,12,6029.73,6029.73,monthly
K00506,mid_market,2025-09,12,36030.91,36030.91,annual
K00507,mid_market,2025-09,12,39162.17,39162.17,quarterly
K00508,enterprise,2025-09,24,303162.91,606325.82,annual
K00509,mid_market,2025-09,24,67501.0,135002.0,monthly
K00510,mid_market,2025-09,12,49239.38,49239.38,annual
K00511,smb,2025-09,12,3083.98,3083.98,annual
K00512,mid_market,2025-09,24,54433.0,108866.0,monthly
K00513,enterprise,2025-09,36,216094.38,648283.14,annual
K00514,mid_market,2025-09,24,45028.19,90056.38,monthly
K00515,smb,2025-09,12,9526.11,9526.11,quarterly
K00516,smb,2025-09,12,8041.01,8041.01,annual
K00517,enterprise,2025-09,36,367742.56,1103227.68,quarterly
K00518,mid_market,2025-09,12,56543.9,56543.9,annual
K00519,smb,2025-09,12,13429.67,13429.67,annual
K00520,smb,2025-09,12,16506.77,16506.77,annual
K00521,smb,2025-09,12,12305.57,12305.57,monthly
K00522,smb,2025-09,12,10801.22,10801.22,annual
K00523,mid_market,2025-09,12,44858.77,44858.77,quarterly
K00524,smb,2025-09,12,3768.0,3768.0,annual
K00525,smb,2025-09,12,6085.74,6085.74,quarterly
K00526,enterprise,2025-09,24,86873.67,173747.34,annual
K00527,enterprise,2025-09,12,377379.5,377379.5,annual
K00528,smb,2025-09,12,14516.3,14516.3,monthly
K00529,mid_market,2025-09,24,25393.48,50786.96,annual
K00530,smb,2025-09,12,14198.41,14198.41,monthly
K00531,mid_market,2025-09,12,45905.27,45905.27,quarterly
K00532,smb,2025-09,12,14844.4,14844.4,quarterly
K00533,smb,2025-09,12,13201.14,13201.14,quarterly
K00534,smb,2025-09,12,9027.96,9027.96,monthly
K00535,mid_market,2025-09,12,52402.49,52402.49,annual
K00536,mid_market,2025-09,12,77621.12,77621.12,quarterly
K00537,mid_market,2025-09,12,31019.8,31019.8,monthly
K00538,smb,2025-09,12,6640.12,6640.12,monthly
K00539,enterprise,2025-09,36,207186.88,621560.64,annual
K00540,smb,2025-09,12,12843.77,12843.77,annual
K00541,smb,2025-09,12,11920.29,11920.29,monthly
K00542,smb,2025-10,12,3129.88,3129.88,quarterly
K00543,smb,2025-10,12,4855.74,4855.74,quarterly
K00544,smb,2025-10,12,12554.5,12554.5,monthly
K00545,smb,2025-10,12,15555.15,15555.15,annual
K00546,mid_market,2025-10,12,77435.22,77435.22,annual
K00547,mid_market,2025-10,12,25333.82,25333.82,annual
K00548,mid_market,2025-10,24,46302.0,92604.0,quarterly
K00549,mid_market,2025-10,24,68213.4,136426.8,quarterly
K00550,mid_market,2025-10,24,33535.83,67071.66,monthly
K00551,mid_market,2025-10,24,40985.12,81970.24,annual
K00552,mid_market,2025-10,12,71782.96,71782.96,annual
K00553,enterprise,2025-10,24,174303.54,348607.08,annual
K00554,mid_market,2025-10,24,56033.4,112066.8,annual
K00555,mid_market,2025-10,24,54300.35,108600.7,annual
K00556,mid_market,2025-10,24,71310.59,142621.18,quarterly
K00557,smb,2025-10,12,4836.28,4836.28,quarterly
K00558,smb,2025-10,12,17912.3,17912.3,monthly
K00559,enterprise,2025-10,12,330503.37,330503.37,annual
K00560,smb,2025-10,12,9319.76,9319.76,monthly
K00561,smb,2025-10,12,13180.64,13180.64,monthly
K00562,mid_market,2025-10,24,18386.79,36773.58,annual
K00563,mid_market,2025-10,24,34755.65,69511.3,quarterly
K00564,smb,2025-10,12,7838.13,7838.13,monthly
K00565,smb,2025-10,12,13562.34,13562.34,quarterly
K00566,smb,2025-10,12,9358.74,9358.74,monthly
K00567,mid_market,2025-10,24,26531.04,53062.08,quarterly
K00568,mid_market,2025-10,24,39203.18,78406.36,annual
K00569,mid_market,2025-10,24,56637.4,113274.8,quarterly
K00570,mid_market,2025-10,12,34500.8,34500.8,annual
K00571,smb,2025-10,12,8369.71,8369.71,monthly
K00572,enterprise,2025-10,24,254589.17,509178.34,annual
K00573,enterprise,2025-10,24,269701.49,539402.98,quarterly
K00574,enterprise,2025-10,24,147900.98,295801.96,annual
K00575,mid_market,2025-10,12,34223.16,34223.16,quarterly
K00576,mid_market,2025-10,24,42474.15,84948.3,quarterly
K00577,enterprise,2025-11,24,390630.47,781260.94,quarterly
K00578,mid_market,2025-11,24,47827.43,95654.86,annual
K00579,enterprise,2025-11,36,266340.48,799021.44,annual
K00580,smb,2025-11,12,9938.6,9938.6,monthly
K00581,mid_market,2025-11,12,75444.75,75444.75,annual
K00582,smb,2025-11,12,15511.5,15511.5,quarterly
K00583,smb,2025-11,12,14494.28,14494.28,annual
K00584,enterprise,2025-11,12,86268.7,86268.7,annual
K00585,mid_market,2025-11,24,32559.24,65118.48,quarterly
K00586,enterprise,2025-11,36,292014.25,876042.75,annual
K00587,smb,2025-11,12,13512.83,13512.83,monthly
K00588,mid_market,2025-11,12,68791.2,68791.2,annual
K00589,smb,2025-11,12,3141.99,3141.99,annual
K00590,enterprise,2025-11,12,210240.27,210240.27,annual
K00591,mid_market,2025-11,24,44274.59,88549.18,annual
K00592,mid_market,2025-11,12,63332.18,63332.18,annual
K00593,mid_market,2025-11,12,79794.0,79794.0,annual
K00594,mid_market,2025-11,12,49031.65,49031.65,annual
K00595,enterprise,2025-11,12,213808.73,213808.73,quarterly
K00596,smb,2025-11,12,11007.72,11007.72,monthly
K00597,smb,2025-11,12,5509.52,5509.52,quarterly
K00598,smb,2025-11,12,14421.64,14421.64,monthly
K00599,smb,2025-11,12,6068.67,6068.67,monthly
K00600,mid_market,2025-11,12,64858.05,64858.05,annual
K00601,enterprise,2025-11,24,385873.89,771747.78,annual
K00602,enterprise,2025-11,36,131566.47,394699.41,quarterly
K00603,smb,2025-11,12,14101.11,14101.11,quarterly
K00604,smb,2025-11,12,12772.51,12772.51,quarterly
K00605,mid_market,2025-11,24,42897.81,85795.62,annual
K00606,smb,2025-11,12,10484.54,10484.54,annual
K00607,enterprise,2025-11,12,133985.98,133985.98,annual
K00608,mid_market,2025-11,24,51643.52,103287.04,annual
K00609,smb,2025-11,12,11084.56,11084.56,annual
K00610,mid_market,2025-11,24,40135.36,80270.72,monthly
K00611,smb,2025-11,12,10200.75,10200.75,annual
K00612,mid_market,2025-11,12,48290.5,48290.5,annual
K00613,enterprise,2025-11,12,291772.43,291772.43,annual
K00614,smb,2025-11,12,13324.93,13324.93,monthly
K00615,enterprise,2025-11,36,172513.94,517541.82,monthly
K00616,mid_market,2025-11,24,58754.72,117509.44,annual
K00617,smb,2025-11,12,16984.3,16984.3,quarterly
K00618,smb,2025-11,12,16996.63,16996.63,annual
K00619,mid_market,2025-12,24,51975.63,103951.26,monthly
K00620,smb,2025-12,12,10809.99,10809.99,monthly
K00621,smb,2025-12,12,12536.33,12536.33,quarterly
K00622,mid_market,2025-12,24,40230.52,80461.04,quarterly
K00623,mid_market,2025-12,12,61003.09,61003.09,annual
K00624,smb,2025-12,12,16446.41,16446.41,monthly
K00625,mid_market,2025-12,24,28089.91,56179.82,annual
K00626,enterprise,2025-12,24,291705.33,583410.66,annual
K00627,smb,2025-12,12,5569.0,5569.0,monthly
K00628,mid_market,2025-12,12,57274.76,57274.76,annual
K00629,smb,2025-12,12,6895.64,6895.64,monthly
K00630,smb,2025-12,12,15939.57,15939.57,monthly
K00631,mid_market,2025-12,12,36084.68,36084.68,quarterly
K00632,mid_market,2025-12,12,22653.11,22653.11,annual
K00633,enterprise,2025-12,24,247279.99,494559.98,annual
K00634,smb,2025-12,12,3970.2,3970.2,monthly
K00635,smb,2025-12,12,15291.28,15291.28,annual
K00636,enterprise,2025-12,24,227849.43,455698.86,quarterly
K00637,mid_market,2025-12,12,47244.03,47244.03,annual
K00638,smb,2025-12,12,14350.98,14350.98,monthly
K00639,mid_market,2025-12,24,60016.19,120032.38,annual
K00640,smb,2025-12,12,14227.07,14227.07,annual
K00641,smb,2025-12,12,4183.14,4183.14,quarterly
K00642,smb,2025-12,12,11405.58,11405.58,monthly
K00643,smb,2025-12,12,17659.71,17659.71,quarterly
K00644,enterprise,2025-12,36,231508.98,694526.94,quarterly
K00645,mid_market,2025-12,24,67450.37,134900.74,monthly
K00646,enterprise,2025-12,36,168908.28,506724.84,annual
K00647,mid_market,2025-12,24,54725.56,109451.12,annual
K00648,enterprise,2025-12,24,289602.25,579204.5,annual
K00649,mid_market,2025-12,24,21145.69,42291.38,annual
K00650,mid_market,2025-12,12,41621.96,41621.96,monthly
K00651,mid_market,2025-12,12,40401.49,40401.49,quarterly
K00652,smb,2025-12,12,12589.95,12589.95,annual
K00653,mid_market,2025-12,12,62298.66,62298.66,annual
K00654,mid_market,2025-12,24,26540.12,53080.24,annual
K00655,enterprise,2025-12,36,165492.88,496478.64,annual
K00656,enterprise,2026-01,24,301024.86,602049.72,monthly
K00657,mid_market,2026-01,24,56057.35,112114.7,quarterly
K00658,smb,2026-01,12,16057.27,16057.27,monthly
K00659,smb,2026-01,12,3105.44,3105.44,monthly
K00660,mid_market,2026-01,24,21809.53,43619.06,annual
K00661,enterprise,2026-01,24,104498.97,208997.94,annual
K00662,smb,2026-01,12,6132.06,6132.06,monthly
K00663,mid_market,2026-01,24,67777.7,135555.4,annual
K00664,mid_market,2026-01,12,35937.75,35937.75,annual
K00665,mid_market,2026-01,12,40034.53,40034.53,annual
K00666,smb,2026-01,12,14851.91,14851.91,quarterly
K00667,mid_market,2026-01,24,58715.69,117431.38,quarterly
K00668,smb,2026-01,12,3523.72,3523.72,annual
K00669,mid_market,2026-01,24,35245.68,70491.36,quarterly
K00670,smb,2026-01,12,15479.87,15479.87,quarterly
K00671,smb,2026-01,12,11235.53,11235.53,quarterly
K00672,smb,2026-01,12,6356.71,6356.71,monthly
K00673,mid_market,2026-01,24,52523.81,105047.62,annual
K00674,enterprise,2026-01,36,147634.59,442903.77,annual
K00675,smb,2026-01,12,4582.32,4582.32,monthly
K00676,mid_market,2026-01,12,18179.56,18179.56,quarterly
K00677,smb,2026-01,12,14519.53,14519.53,monthly
K00678,mid_market,2026-01,24,45208.61,90417.22,annual
K00679,enterprise,2026-01,24,85381.39,170762.78,annual
K00680,enterprise,2026-01,12,351899.67,351899.67,annual
K00681,mid_market,2026-01,24,75979.92,151959.84,annual
K00682,enterprise,2026-01,24,234269.91,468539.82,annual
K00683,enterprise,2026-01,36,81929.99,245789.97,monthly
K00684,smb,2026-01,12,16251.57,16251.57,monthly
K00685,smb,2026-01,12,13915.81,13915.81,quarterly
K00686,smb,2026-01,12,13968.14,13968.14,quarterly
K00687,enterprise,2026-01,24,155127.4,310254.8,annual
K00688,mid_market,2026-01,12,41355.82,41355.82,annual
K00689,smb,2026-01,12,10885.58,10885.58,annual
K00690,smb,2026-01,12,9534.22,9534.22,monthly
K00691,mid_market,2026-01,12,22327.93,22327.93,quarterly
K00692,smb,2026-01,12,3351.12,3351.12,monthly
K00693,mid_market,2026-01,12,70107.28,70107.28,annual
K00694,enterprise,2026-02,36,304677.94,914033.82,annual
K00695,enterprise,2026-02,12,261349.51,261349.51,quarterly
K00696,mid_market,2026-02,12,28761.11,28761.11,monthly
K00697,smb,2026-02,12,16038.29,16038.29,monthly
K00698,mid_market,2026-02,12,25264.3,25264.3,annual
K00699,enterprise,2026-02,24,234143.57,468287.14,annual
K00700,smb,2026-02,12,4769.4,4769.4,monthly
K00701,mid_market,2026-02,24,68503.07,137006.14,annual
K00702,mid_market,2026-02,24,62003.56,124007.12,annual
K00703,mid_market,2026-02,24,61606.65,123213.3,annual
K00704,mid_market,2026-02,12,60732.08,60732.08,annual
K00705,mid_market,2026-02,12,37104.32,37104.32,annual
K00706,mid_market,2026-02,24,71960.67,143921.34,quarterly
K00707,mid_market,2026-02,12,19540.9,19540.9,annual
K00708,smb,2026-02,12,6887.93,6887.93,annual
K00709,mid_market,2026-02,12,40120.3,40120.3,annual
K00710,enterprise,2026-02,12,219734.55,219734.55,annual
K00711,smb,2026-02,12,3721.86,3721.86,annual
K00712,mid_market,2026-02,24,68200.18,136400.36,monthly
K00713,smb,2026-02,12,9275.33,9275.33,quarterly
K00714,enterprise,2026-02,36,225603.32,676809.96,annual
K00715,smb,2026-02,12,12744.79,12744.79,monthly
K00716,smb,2026-02,12,8610.68,8610.68,annual
K00717,mid_market,2026-02,24,41866.85,83733.7,annual
K00718,smb,2026-02,12,10691.16,10691.16,annual
K00719,smb,2026-02,12,9724.16,9724.16,annual
K00720,smb,2026-02,12,7052.24,7052.24,quarterly
K00721,enterprise,2026-02,12,215309.53,215309.53,annual
K00722,mid_market,2026-02,12,38276.9,38276.9,annual
K00723,mid_market,2026-02,12,20040.86,20040.86,annual
K00724,mid_market,2026-02,24,29102.92,58205.84,quarterly
K00725,smb,2026-02,12,11632.33,11632.33,monthly
K00726,smb,2026-02,12,5492.13,5492.13,monthly
K00727,smb,2026-02,12,4061.69,4061.69,quarterly
K00728,mid_market,2026-02,12,36654.67,36654.67,annual
K00729,smb,2026-02,12,4714.24,4714.24,annual
K00730,smb,2026-02,12,7993.47,7993.47,monthly
K00731,smb,2026-02,12,17073.19,17073.19,annual
K00732,mid_market,2026-02,24,47158.75,94317.5,annual
K00733,smb,2026-02,12,11450.41,11450.41,annual
K00734,smb,2026-02,12,16477.52,16477.52,quarterly
K00735,smb,2026-02,12,7789.84,7789.84,monthly
K00736,mid_market,2026-02,24,68052.79,136105.58,quarterly
K00737,mid_market,2026-02,12,71120.6,71120.6,annual
K00738,mid_market,2026-02,12,79582.82,79582.82,annual
K00739,enterprise,2026-02,36,347850.74,1043552.22,annual
K00740,smb,2026-02,12,8310.53,8310.53,quarterly
K00741,mid_market,2026-02,12,34394.15,34394.15,monthly
K00742,smb,2026-02,12,6796.98,6796.98,annual
K00743,mid_market,2026-03,24,44157.58,88315.16,monthly
K00744,mid_market,2026-03,24,69515.88,139031.76,annual
K00745,mid_market,2026-03,24,52867.61,105735.22,annual
K00746,mid_market,2026-03,24,38694.87,77389.74,monthly
K00747,smb,2026-03,12,17110.42,17110.42,monthly
K00748,smb,2026-03,12,10220.14,10220.14,monthly
K00749,mid_market,2026-03,12,24015.86,24015.86,annual
K00750,enterprise,2026-03,12,87932.84,87932.84,annual
K00751,smb,2026-03,12,7233.75,7233.75,annual
K00752,smb,2026-03,12,14265.77,14265.77,quarterly
K00753,mid_market,2026-03,12,35958.9,35958.9,annual
K00754,mid_market,2026-03,24,43332.05,86664.1,quarterly
K00755,smb,2026-03,12,4423.15,4423.15,monthly
K00756,mid_market,2026-03,24,23928.02,47856.04,monthly
K00757,smb,2026-03,12,9566.76,9566.76,annual
K00758,smb,2026-03,12,12075.72,12075.72,monthly
K00759,mid_market,2026-03,12,25635.42,25635.42,monthly
K00760,mid_market,2026-03,12,46388.15,46388.15,annual
K00761,smb,2026-03,12,8670.51,8670.51,annual
K00762,smb,2026-03,12,7143.65,7143.65,monthly
K00763,smb,2026-03,12,13460.23,13460.23,annual
K00764,smb,2026-03,12,15511.51,15511.51,monthly
K00765,mid_market,2026-03,24,30643.02,61286.04,quarterly
K00766,smb,2026-03,12,10872.47,10872.47,monthly
K00767,smb,2026-03,12,9852.45,9852.45,monthly
K00768,enterprise,2026-03,36,107395.05,322185.15,annual
K00769,enterprise,2026-03,24,290063.82,580127.64,annual
K00770,enterprise,2026-03,24,147737.65,295475.3,quarterly
K00771,mid_market,2026-03,24,77777.09,155554.18,annual
K00772,smb,2026-03,12,11269.72,11269.72,annual
K00773,mid_market,2026-03,12,66072.91,66072.91,monthly
K00774,enterprise,2026-03,12,286800.09,286800.09,annual
K00775,smb,2026-03,12,3403.07,3403.07,monthly
K00776,smb,2026-03,12,17064.03,17064.03,monthly
K00777,smb,2026-03,12,9691.55,9691.55,monthly
K00778,mid_market,2026-03,24,27219.0,54438.0,quarterly
K00779,enterprise,2026-03,12,170004.63,170004.63,annual
K00780,mid_market,2026-03,24,20288.56,40577.12,monthly
K00781,mid_market,2026-03,12,57094.19,57094.19,annual
K00782,mid_market,2026-04,24,32719.11,65438.22,monthly
K00783,smb,2026-04,12,4651.61,4651.61,monthly
K00784,mid_market,2026-04,12,58696.72,58696.72,annual
K00785,enterprise,2026-04,36,250687.88,752063.64,annual
K00786,mid_market,2026-04,24,46545.96,93091.92,quarterly
K00787,smb,2026-04,12,9648.19,9648.19,annual
K00788,smb,2026-04,12,5006.39,5006.39,monthly
K00789,smb,2026-04,12,14687.58,14687.58,annual
K00790,smb,2026-04,12,6415.43,6415.43,annual
K00791,enterprise,2026-04,36,147900.52,443701.56,annual
K00792,enterprise,2026-04,36,371869.14,1115607.42,annual
K00793,mid_market,2026-04,24,56993.73,113987.46,annual
K00794,enterprise,2026-04,24,138336.81,276673.62,annual
K00795,mid_market,2026-04,24,20243.61,40487.22,monthly
K00796,enterprise,2026-04,24,346064.02,692128.04,annual
K00797,smb,2026-04,12,16066.33,16066.33,monthly
K00798,smb,2026-04,12,15638.59,15638.59,annual
K00799,smb,2026-04,12,17924.91,17924.91,monthly
K00800,smb,2026-04,12,5396.5,5396.5,quarterly
K00801,enterprise,2026-04,12,219239.13,219239.13,annual
K00802,smb,2026-04,12,14041.78,14041.78,annual
K00803,smb,2026-04,12,9407.89,9407.89,quarterly
K00804,mid_market,2026-04,24,72673.3,145346.6,quarterly
K00805,smb,2026-04,12,14058.61,14058.61,quarterly
K00806,mid_market,2026-04,24,22338.69,44677.38,quarterly
K00807,enterprise,2026-04,24,275758.02,551516.04,annual
K00808,enterprise,2026-04,36,242122.65,726367.95,annual
K00809,mid_market,2026-04,24,77356.71,154713.42,annual
K00810,enterprise,2026-04,24,111697.35,223394.7,annual
K00811,mid_market,2026-04,24,61912.57,123825.14,annual
K00812,enterprise,2026-04,12,376200.03,376200.03,annual
K00813,mid_market,2026-04,12,67758.49,67758.49,quarterly
K00814,enterprise,2026-04,24,86961.23,173922.46,annual
K00815,mid_market,2026-04,12,30381.86,30381.86,annual
K00816,smb,2026-04,12,13741.38,13741.38,annual
K00817,smb,2026-04,12,4923.83,4923.83,monthly
K00818,mid_market,2026-04,12,78181.04,78181.04,annual
K00819,smb,2026-04,12,9918.26,9918.26,quarterly
K00820,mid_market,2026-04,12,34132.19,34132.19,annual
K00821,mid_market,2026-04,24,24406.82,48813.64,annual
K00822,mid_market,2026-04,12,55783.24,55783.24,monthly
K00823,mid_market,2026-04,24,49834.47,99668.94,annual
K00824,smb,2026-04,12,10708.5,10708.5,monthly
K00825,mid_market,2026-05,12,59250.9,59250.9,annual
K00826,smb,2026-05,12,6479.71,6479.71,quarterly
K00827,mid_market,2026-05,12,52959.82,52959.82,quarterly
K00828,mid_market,2026-05,12,79680.39,79680.39,quarterly
K00829,mid_market,2026-05,24,57257.82,114515.64,annual
K00830,enterprise,2026-05,12,135385.54,135385.54,annual
K00831,mid_market,2026-05,24,25052.3,50104.6,annual
K00832,mid_market,2026-05,24,79719.48,159438.96,quarterly
K00833,mid_market,2026-05,12,54573.0,54573.0,annual
K00834,mid_market,2026-05,24,28275.54,56551.08,quarterly
K00835,enterprise,2026-05,24,172501.48,345002.96,annual
K00836,smb,2026-05,12,9460.05,9460.05,annual
K00837,smb,2026-05,12,16985.7,16985.7,monthly
K00838,smb,2026-05,12,4981.39,4981.39,quarterly
K00839,enterprise,2026-05,36,210687.66,632062.98,annual
K00840,enterprise,2026-05,24,242277.96,484555.92,annual
K00841,enterprise,2026-05,12,124891.96,124891.96,annual
K00842,smb,2026-05,12,6810.31,6810.31,quarterly
K00843,smb,2026-05,12,4015.97,4015.97,quarterly
K00844,enterprise,2026-05,36,272977.32,818931.96,annual
K00845,smb,2026-05,12,16202.82,16202.82,annual
K00846,mid_market,2026-05,12,61389.15,61389.15,annual
K00847,mid_market,2026-05,12,64761.11,64761.11,annual
K00848,mid_market,2026-05,12,52286.45,52286.45,annual
K00849,mid_market,2026-05,12,76937.58,76937.58,annual
K00850,smb,2026-05,12,17825.72,17825.72,monthly
K00851,mid_market,2026-05,12,66599.13,66599.13,annual
K00852,smb,2026-05,12,7385.41,7385.41,annual
K00853,enterprise,2026-05,24,96235.92,192471.84,quarterly
K00854,smb,2026-05,12,14488.16,14488.16,quarterly
K00855,enterprise,2026-05,24,262620.46,525240.92,quarterly
K00856,smb,2026-05,12,7361.46,7361.46,annual
K00857,smb,2026-05,12,15269.15,15269.15,monthly
