customer_id,segment,channel,cohort_month,initial_arr,cac,promo24
C00001,mid_market,inbound,2022-01,23002.63,15879.28,0
C00002,mid_market,outbound,2022-01,53834.61,62212.36,0
C00003,mid_market,outbound,2022-01,18476.9,26339.74,0
C00004,mid_market,partner,2022-01,44798.11,45317.09,0
C00005,smb,inbound,2022-01,8663.27,3844.08,0
C00006,smb,partner,2022-01,5829.33,2996.04,0
C00007,smb,inbound,2022-01,3402.62,1417.79,0
C00008,smb,outbound,2022-01,3229.87,3612.07,0
C00009,mid_market,self_serve,2022-01,26564.94,5506.0,0
C00010,smb,inbound,2022-01,6477.22,2160.68,0
C00011,smb,inbound,2022-02,5490.94,1831.07,0
C00012,smb,outbound,2022-02,7906.28,7909.13,0
C00013,mid_market,outbound,2022-02,36436.95,43631.42,0
C00014,mid_market,partner,2022-02,47161.09,42488.98,0
C00015,enterprise,inbound,2022-02,234510.03,170622.04,0
C00016,smb,partner,2022-02,8476.5,5222.15,0
C00017,enterprise,inbound,2022-02,186385.39,127636.61,0
C00018,smb,self_serve,2022-02,3423.6,579.44,0
C00019,enterprise,inbound,2022-02,75020.42,71305.91,0
C00020,enterprise,outbound,2022-02,229729.37,489731.21,0
C00021,mid_market,outbound,2022-02,59615.38,90176.93,0
C00022,mid_market,outbound,2022-03,50139.31,62801.24,0
C00023,smb,self_serve,2022-03,4478.77,772.88,0
C00024,mid_market,inbound,2022-03,18609.59,10373.47,0
C00025,smb,outbound,2022-03,7838.45,7468.21,0
C00026,mid_market,self_serve,2022-03,20342.48,5054.09,0
C00027,enterprise,partner,2022-03,131827.54,159872.74,0
C00028,mid_market,inbound,2022-03,59079.83,29973.47,0
C00029,smb,outbound,2022-03,2894.96,2758.27,0
C00030,smb,partner,2022-03,2041.36,1295.44,0
C00031,smb,inbound,2022-03,4873.81,1875.45,0
C00032,mid_market,inbound,2022-03,42776.32,26094.07,0
C00033,smb,inbound,2022-04,11440.14,3989.31,0
C00034,mid_market,inbound,2022-04,53878.31,38146.65,0
C00035,mid_market,inbound,2022-04,42023.56,28890.94,0
C00036,smb,outbound,2022-04,3738.57,4095.62,0
C00037,mid_market,outbound,2022-04,50180.8,81657.46,0
C00038,smb,self_serve,2022-04,4103.78,636.86,0
C00039,smb,inbound,2022-04,7577.91,2921.72,0
C00040,smb,inbound,2022-04,6467.77,2353.15,0
C00041,smb,self_serve,2022-04,5562.19,858.8,0
C00042,smb,self_serve,2022-04,8498.3,1255.34,0
C00043,enterprise,outbound,2022-04,80076.04,150710.79,0
C00044,smb,inbound,2022-04,3456.08,1369.76,0
C00045,smb,inbound,2022-05,6272.33,2376.7,0
C00046,smb,partner,2022-05,2122.49,1235.4,0
C00047,enterprise,inbound,2022-05,110287.15,103002.09,0
C00048,mid_market,partner,2022-05,30122.75,27430.38,0
C00049,enterprise,outbound,2022-05,62435.07,115868.03,0
C00050,mid_market,partner,2022-05,34835.23,25516.25,0
C00051,enterprise,partner,2022-05,136023.8,146989.83,0
C00052,enterprise,inbound,2022-05,60487.77,49328.96,0
C00053,smb,inbound,2022-05,8103.63,3761.12,0
C00054,mid_market,outbound,2022-05,52218.41,78404.29,0
C00055,mid_market,inbound,2022-05,12223.34,8301.08,0
C00056,mid_market,partner,2022-05,33074.53,27075.45,0
C00057,mid_market,inbound,2022-06,41672.94,30372.39,0
C00058,mid_market,self_serve,2022-06,26520.88,5924.43,0
C00059,mid_market,partner,2022-06,44595.93,45216.72,0
C00060,mid_market,outbound,2022-06,13224.91,14322.21,0
C00061,smb,outbound,2022-06,3983.38,4530.69,0
C00062,smb,inbound,2022-06,7901.64,3869.1,0
C00063,smb,self_serve,2022-06,6254.29,993.23,0
C00064,smb,partner,2022-06,4444.88,2893.93,0
C00065,mid_market,inbound,2022-06,31166.02,21258.6,0
C00066,smb,partner,2022-06,10573.14,6836.63,0
C00067,mid_market,outbound,2022-06,48432.14,76628.7,0
C00068,enterprise,partner,2022-06,197879.68,259289.83,0
C00069,mid_market,self_serve,2022-06,22027.29,4504.08,0
C00070,smb,inbound,2022-07,9837.95,4442.05,0
C00071,smb,outbound,2022-07,6636.72,6228.88,0
C00072,mid_market,outbound,2022-07,45522.29,49742.02,0
C00073,enterprise,inbound,2022-07,224590.82,162717.29,0
C00074,mid_market,outbound,2022-07,35994.5,46272.83,0
C00075,mid_market,inbound,2022-07,50576.73,25569.61,0
C00076,mid_market,outbound,2022-07,43864.76,54009.22,0
C00077,mid_market,outbound,2022-07,47199.45,55074.54,0
C00078,smb,inbound,2022-07,4303.48,1597.83,0
C00079,enterprise,partner,2022-07,118728.08,156112.21,0
C00080,mid_market,self_serve,2022-07,37455.42,6289.36,0
C00081,mid_market,outbound,2022-07,20244.14,30435.68,0
C00082,smb,partner,2022-07,4438.0,2551.16,0
C00083,smb,inbound,2022-07,2731.25,951.35,0
C00084,enterprise,partner,2022-08,108668.14,103483.58,0
C00085,smb,partner,2022-08,9587.02,6962.27,0
C00086,smb,partner,2022-08,11174.35,8074.27,0
C00087,smb,partner,2022-08,4593.31,2921.71,0
C00088,smb,outbound,2022-08,9518.13,9009.46,0
C00089,smb,outbound,2022-08,7456.32,6436.24,0
C00090,mid_market,outbound,2022-08,32755.33,44830.51,0
C00091,mid_market,inbound,2022-08,52928.04,26824.07,0
C00092,enterprise,inbound,2022-08,195801.98,151788.4,0
C00093,enterprise,inbound,2022-08,93006.59,84516.65,0
C00094,mid_market,outbound,2022-08,17190.81,24298.31,0
C00095,smb,outbound,2022-08,5042.01,4029.28,0
C00096,enterprise,self_serve,2022-08,190960.23,51947.1,0
C00097,mid_market,outbound,2022-08,33960.4,47039.15,0
C00098,mid_market,inbound,2022-08,18602.48,9676.55,0
C00099,mid_market,outbound,2022-09,24048.9,28053.97,0
C00100,smb,self_serve,2022-09,6823.54,1207.23,0
C00101,mid_market,self_serve,2022-09,22837.54,4778.69,0
C00102,enterprise,inbound,2022-09,101458.33,73215.31,0
C00103,smb,partner,2022-09,4583.73,3260.8,0
C00104,smb,outbound,2022-09,5557.62,6411.81,0
C00105,enterprise,inbound,2022-09,70866.14,59094.92,0
C00106,mid_market,self_serve,2022-09,40467.49,8530.41,0
C00107,mid_market,inbound,2022-09,20842.73,11540.96,0
C00108,smb,partner,2022-09,10705.33,6378.8,0
C00109,mid_market,outbound,2022-09,33590.49,54946.82,0
C00110,smb,inbound,2022-09,8240.67,3065.99,0
C00111,mid_market,self_serve,2022-09,56006.4,14270.95,0
C00112,mid_market,partner,2022-10,36835.85,32937.8,0
C00113,smb,inbound,2022-10,4502.48,1897.65,0
C00114,smb,outbound,2022-10,6286.03,5281.68,0
C00115,mid_market,inbound,2022-10,19405.3,13798.45,0
C00116,smb,self_serve,2022-10,11734.93,1851.24,0
C00117,smb,outbound,2022-10,4249.62,3270.91,0
C00118,mid_market,partner,2022-10,41359.76,28262.78,0
C00119,mid_market,inbound,2022-10,35923.47,21635.26,0
C00120,mid_market,partner,2022-10,59821.93,58976.34,0
C00121,smb,outbound,2022-10,7714.94,6688.3,0
C00122,enterprise,outbound,2022-10,188434.55,283328.8,0
C00123,mid_market,outbound,2022-10,23849.21,37103.58,0
C00124,mid_market,outbound,2022-10,41895.28,52328.84,0
C00125,enterprise,outbound,2022-10,91931.55,209255.55,0
C00126,mid_market,inbound,2022-10,54178.64,34779.37,0
C00127,mid_market,partner,2022-10,47476.54,39904.86,0
C00128,mid_market,outbound,2022-11,25958.75,42398.73,0
C00129,enterprise,inbound,2022-11,169824.17,162632.37,0
C00130,mid_market,outbound,2022-11,49085.8,65407.98,0
C00131,mid_market,inbound,2022-11,16906.19,9219.43,0
C00132,smb,outbound,2022-11,2714.64,2750.36,0
C00133,enterprise,inbound,2022-11,176912.09,178294.54,0
C00134,smb,inbound,2022-11,5299.98,2602.18,0
C00135,smb,outbound,2022-11,10576.02,11729.83,0
C00136,enterprise,outbound,2022-11,192514.14,308959.6,0
C00137,smb,self_serve,2022-11,7474.59,1082.53,0
C00138,smb,self_serve,2022-11,9866.86,1268.86,0
C00139,mid_market,inbound,2022-11,56219.94,27075.62,0
C00140,mid_market,self_serve,2022-11,18452.5,4684.3,0
C00141,smb,inbound,2022-11,2368.16,1094.91,0
C00142,smb,inbound,2022-11,2580.2,1302.99,0
C00143,enterprise,inbound,2022-11,227130.29,150969.12,0
C00144,smb,self_serve,2022-12,3104.64,418.07,0
C00145,mid_market,self_serve,2022-12,45471.59,8322.67,0
C00146,enterprise,partner,2022-12,185366.93,248695.76,0
C00147,enterprise,self_serve,2022-12,63591.34,20908.69,0
C00148,mid_market,inbound,2022-12,54749.29,27775.98,0
C00149,mid_market,self_serve,2022-12,36449.33,8735.53,0
C00150,smb,partner,2022-12,5644.44,3990.62,0
C00151,smb,self_serve,2022-12,3359.6,414.25,0
C00152,smb,inbound,2022-12,11394.69,5204.78,0
C00153,smb,partner,2022-12,5534.66,2682.3,0
C00154,smb,outbound,2022-12,3495.17,3764.01,0
C00155,mid_market,inbound,2022-12,55781.06,34563.46,0
C00156,smb,outbound,2022-12,9788.97,9026.49,0
C00157,enterprise,inbound,2022-12,208919.97,158513.15,0
C00158,mid_market,self_serve,2022-12,53450.75,11470.62,0
C00159,enterprise,inbound,2023-01,137159.95,119156.22,0
C00160,smb,self_serve,2023-01,5217.4,804.68,0
C00161,smb,partner,2023-01,4059.26,2550.4,0
C00162,smb,self_serve,2023-01,4899.05,849.85,0
C00163,mid_market,outbound,2023-01,58338.06,89564.05,0
C00164,enterprise,partner,2023-01,121547.86,143465.38,0
C00165,smb,inbound,2023-01,4749.15,1819.64,0
C00166,smb,inbound,2023-01,3080.35,1080.16,0
C00167,mid_market,outbound,2023-01,39544.51,62832.65,0
C00168,smb,outbound,2023-01,8707.34,8939.81,0
C00169,enterprise,inbound,2023-01,200010.76,191561.5,0
C00170,mid_market,inbound,2023-01,50361.53,25892.96,0
C00171,smb,self_serve,2023-01,4662.55,549.1,0
C00172,mid_market,inbound,2023-01,20730.08,13659.21,0
C00173,mid_market,inbound,2023-01,42392.72,24299.53,0
C00174,mid_market,partner,2023-01,53055.52,53629.6,0
C00175,mid_market,partner,2023-01,18551.96,17110.06,0
C00176,enterprise,partner,2023-02,223492.68,248470.39,0
C00177,smb,partner,2023-02,5123.64,3023.12,0
C00178,mid_market,inbound,2023-02,35063.26,20680.36,0
C00179,smb,inbound,2023-02,9350.69,4252.43,0
C00180,smb,outbound,2023-02,3977.9,4192.65,0
C00181,mid_market,partner,2023-02,57657.09,40739.18,0
C00182,smb,partner,2023-02,7244.61,4050.78,0
C00183,mid_market,outbound,2023-02,45579.0,65898.25,0
C00184,enterprise,outbound,2023-02,139943.92,272558.06,0
C00185,mid_market,outbound,2023-02,44583.03,57671.78,0
C00186,mid_market,self_serve,2023-02,37716.57,7696.43,0
C00187,smb,partner,2023-02,2738.89,1680.71,0
C00188,mid_market,inbound,2023-02,55997.72,40731.65,0
C00189,mid_market,outbound,2023-02,52197.02,63896.25,0
C00190,smb,outbound,2023-02,9211.12,8390.92,0
C00191,mid_market,inbound,2023-02,19504.38,11014.4,0
C00192,enterprise,self_serve,2023-02,83825.74,27211.25,0
C00193,smb,outbound,2023-02,5365.17,5176.2,0
C00194,enterprise,inbound,2023-02,84173.48,75848.57,0
C00195,smb,inbound,2023-03,1845.03,842.09,0
C00196,smb,partner,2023-03,4479.75,2617.39,0
C00197,smb,outbound,2023-03,6320.79,7172.04,0
C00198,smb,self_serve,2023-03,9188.0,1074.81,0
C00199,smb,self_serve,2023-03,6907.79,1102.61,0
C00200,mid_market,inbound,2023-03,47956.11,29565.18,0
C00201,smb,outbound,2023-03,4495.84,3752.24,0
C00202,mid_market,inbound,2023-03,40289.59,26898.22,0
C00203,mid_market,inbound,2023-03,50214.86,32369.86,0
C00204,enterprise,self_serve,2023-03,162857.07,48213.7,0
C00205,smb,self_serve,2023-03,10850.37,1692.13,0
C00206,mid_market,self_serve,2023-03,47807.62,8385.19,0
C00207,mid_market,self_serve,2023-03,46803.19,11544.08,0
C00208,enterprise,inbound,2023-03,142167.48,120269.95,0
C00209,mid_market,outbound,2023-03,40319.45,57021.24,0
C00210,smb,outbound,2023-03,5502.09,5031.14,0
C00211,smb,self_serve,2023-03,3871.6,557.2,0
C00212,smb,outbound,2023-04,8402.5,9584.63,0
C00213,enterprise,outbound,2023-04,76687.82,161905.1,0
C00214,mid_market,partner,2023-04,42402.1,39832.03,0
C00215,smb,self_serve,2023-04,10494.46,1309.73,0
C00216,mid_market,inbound,2023-04,57270.66,34887.68,0
C00217,smb,partner,2023-04,7175.41,4173.35,0
C00218,enterprise,inbound,2023-04,193370.22,194436.2,0
C00219,smb,self_serve,2023-04,3373.0,512.05,0
C00220,smb,partner,2023-04,11084.2,7623.04,0
C00221,smb,self_serve,2023-04,9102.81,1202.25,0
C00222,mid_market,partner,2023-04,34547.11,28310.78,0
C00223,smb,inbound,2023-04,9911.88,3488.52,0
C00224,mid_market,partner,2023-04,56733.5,45452.41,0
C00225,smb,partner,2023-04,7135.63,3345.81,0
C00226,smb,inbound,2023-04,2872.87,1300.83,0
C00227,smb,inbound,2023-04,3707.23,1783.08,0
C00228,smb,partner,2023-04,7058.34,3313.47,0
C00229,mid_market,self_serve,2023-05,39880.87,9508.95,0
C00230,mid_market,outbound,2023-05,56853.95,86584.36,0
C00231,mid_market,inbound,2023-05,35528.63,21471.12,0
C00232,mid_market,partner,2023-05,48176.16,46569.14,0
C00233,enterprise,inbound,2023-05,159724.5,127327.76,0
C00234,mid_market,self_serve,2023-05,56713.28,9897.96,0
C00235,mid_market,partner,2023-05,53936.3,53273.91,0
C00236,enterprise,inbound,2023-05,66847.25,47131.4,0
C00237,smb,self_serve,2023-05,4607.67,607.01,0
C00238,smb,outbound,2023-05,3607.92,2868.03,0
C00239,smb,inbound,2023-05,7917.2,3306.76,0
C00240,smb,partner,2023-05,9305.11,5351.61,0
C00241,enterprise,partner,2023-05,135767.74,182274.6,0
C00242,smb,partner,2023-05,7607.03,4876.74,0
C00243,smb,inbound,2023-05,3532.64,1691.29,0
C00244,smb,outbound,2023-05,7932.73,7906.06,0
C00245,mid_market,self_serve,2023-05,58820.89,10595.38,0
C00246,mid_market,outbound,2023-05,50804.73,56154.9,0
C00247,smb,inbound,2023-05,11111.37,5002.4,0
C00248,smb,outbound,2023-05,2472.52,2008.32,0
C00249,smb,outbound,2023-05,11547.6,9353.18,0
C00250,smb,outbound,2023-06,3385.15,3671.48,0
C00251,smb,self_serve,2023-06,2414.77,319.5,0
C00252,enterprise,outbound,2023-06,239586.75,364680.8,0
C00253,enterprise,partner,2023-06,206659.29,227695.2,0
C00254,smb,self_serve,2023-06,2612.97,456.21,0
C00255,smb,inbound,2023-06,3153.19,1547.39,0
C00256,mid_market,inbound,2023-06,37336.57,25552.45,0
C00257,mid_market,partner,2023-06,34650.14,31640.89,0
C00258,smb,partner,2023-06,10865.69,5247.92,0
C00259,smb,self_serve,2023-06,2711.24,453.49,0
C00260,enterprise,partner,2023-06,232447.09,337912.64,0
C00261,mid_market,outbound,2023-06,13945.96,23094.09,0
C00262,enterprise,self_serve,2023-06,75895.8,24972.12,0
C00263,smb,inbound,2023-06,6880.27,3385.39,0
C00264,smb,outbound,2023-06,8681.59,8223.6,0
C00265,smb,self_serve,2023-06,5153.34,770.11,0
C00266,smb,inbound,2023-06,3099.03,1181.52,0
C00267,smb,partner,2023-06,5403.07,3895.7,0
C00268,smb,self_serve,2023-06,7882.85,933.45,0
C00269,smb,outbound,2023-06,3942.33,4316.99,0
C00270,smb,outbound,2023-06,6344.38,5850.4,0
C00271,smb,outbound,2023-06,4729.96,3711.85,0
C00272,enterprise,partner,2023-07,169308.08,218218.36,0
C00273,mid_market,self_serve,2023-07,51406.0,9046.0,0
C00274,smb,inbound,2023-07,9319.62,3662.66,0
C00275,mid_market,self_serve,2023-07,20661.51,3750.59,0
C00276,smb,inbound,2023-07,6506.54,2736.46,0
C00277,smb,partner,2023-07,6024.94,3429.95,0
C00278,smb,partner,2023-07,8305.49,5403.1,0
C00279,smb,inbound,2023-07,7130.98,3330.78,0
C00280,smb,outbound,2023-07,7251.25,6254.14,0
C00281,mid_market,outbound,2023-07,27221.9,42942.49,0
C00282,smb,inbound,2023-07,2118.21,761.1,0
C00283,enterprise,inbound,2023-07,160518.5,117398.36,0
C00284,smb,partner,2023-07,4592.08,2389.1,0
C00285,enterprise,outbound,2023-07,130558.55,272671.73,0
C00286,mid_market,self_serve,2023-07,23771.0,5414.81,0
C00287,smb,self_serve,2023-07,4416.62,637.7,0
C00288,smb,inbound,2023-07,10211.38,3985.14,0
C00289,smb,inbound,2023-07,3013.47,1323.41,0
C00290,mid_market,partner,2023-08,52102.44,40386.12,0
C00291,enterprise,inbound,2023-08,183786.11,147245.99,0
C00292,mid_market,partner,2023-08,32812.06,32136.08,0
C00293,smb,partner,2023-08,3158.21,2219.58,0
C00294,mid_market,inbound,2023-08,39332.35,19513.64,0
C00295,enterprise,inbound,2023-08,157664.14,105214.28,0
C00296,mid_market,outbound,2023-08,23061.44,26848.23,0
C00297,smb,self_serve,2023-08,9583.54,1200.43,0
C00298,mid_market,outbound,2023-08,35704.86,52385.02,0
C00299,mid_market,outbound,2023-08,55987.43,89843.52,0
C00300,enterprise,self_serve,2023-08,162774.58,45097.93,0
C00301,mid_market,outbound,2023-08,16246.05,22340.69,0
C00302,smb,inbound,2023-08,11321.14,5731.61,0
C00303,smb,outbound,2023-08,3724.62,2811.87,0
C00304,smb,partner,2023-08,2774.47,1436.0,0
C00305,mid_market,outbound,2023-08,20670.76,31287.33,0
C00306,mid_market,partner,2023-08,48787.6,41052.77,0
C00307,smb,outbound,2023-08,6287.12,4942.58,0
C00308,mid_market,inbound,2023-08,18589.89,9435.18,0
C00309,mid_market,partner,2023-09,38050.25,38762.24,0
C00310,enterprise,inbound,2023-09,153208.51,155000.89,0
C00311,smb,outbound,2023-09,7393.14,6762.5,0
C00312,enterprise,outbound,2023-09,174934.54,367090.34,0
C00313,smb,partner,2023-09,7355.11,3861.74,0
C00314,smb,inbound,2023-09,8578.13,3150.6,0
C00315,smb,inbound,2023-09,10550.91,3827.39,0
C00316,smb,partner,2023-09,2094.11,1405.04,0
C00317,mid_market,inbound,2023-09,13836.13,8012.09,0
C00318,mid_market,partner,2023-09,47308.37,43822.94,0
C00319,mid_market,partner,2023-09,51259.41,45639.36,0
C00320,mid_market,inbound,2023-09,37253.17,25464.73,0
C00321,mid_market,inbound,2023-09,49496.49,30718.71,0
C00322,mid_market,partner,2023-09,33571.83,24025.48,0
C00323,smb,inbound,2023-09,5585.2,2023.85,0
C00324,enterprise,inbound,2023-09,173789.32,149094.43,0
C00325,mid_market,outbound,2023-09,46247.08,65329.54,0
C00326,smb,inbound,2023-09,1918.9,886.86,0
C00327,smb,inbound,2023-09,9230.9,3437.36,0
C00328,enterprise,partner,2023-09,211628.14,267690.73,0
C00329,smb,inbound,2023-10,11404.34,5504.85,0
C00330,smb,inbound,2023-10,9746.43,3871.19,0
C00331,smb,partner,2023-10,9784.23,6726.78,0
C00332,mid_market,self_serve,2023-10,38168.16,7335.87,0
C00333,smb,partner,2023-10,9730.8,4609.24,0
C00334,mid_market,partner,2023-10,46037.72,41027.8,0
C00335,smb,partner,2023-10,6767.72,3774.87,0
C00336,smb,outbound,2023-10,5882.52,4811.85,0
C00337,smb,inbound,2023-10,3215.83,1163.58,0
C00338,mid_market,partner,2023-10,39633.15,38584.62,0
C00339,mid_market,self_serve,2023-10,47970.92,10554.0,0
C00340,smb,inbound,2023-10,11399.08,5406.0,0
C00341,smb,inbound,2023-10,6410.15,2128.08,0
C00342,smb,outbound,2023-10,7265.11,6603.91,0
C00343,enterprise,inbound,2023-10,169940.4,153688.94,0
C00344,enterprise,outbound,2023-10,236276.96,468555.31,0
C00345,enterprise,inbound,2023-10,158390.65,132670.69,0
C00346,mid_market,partner,2023-10,48671.88,44189.75,0
C00347,smb,inbound,2023-10,7443.01,2640.27,0
C00348,smb,inbound,2023-10,6284.47,2512.74,0
C00349,mid_market,inbound,2023-10,40742.17,22498.44,0
C00350,smb,outbound,2023-11,8857.99,10284.3,0
C00351,mid_market,inbound,2023-11,23538.48,13222.89,0
C00352,smb,self_serve,2023-11,8088.29,1039.05,0
C00353,smb,self_serve,2023-11,10554.85,1616.97,0
C00354,enterprise,outbound,2023-11,215121.94,398091.26,0
C00355,enterprise,outbound,2023-11,198561.12,453478.87,0
C00356,smb,outbound,2023-11,3222.68,2902.24,0
C00357,mid_market,inbound,2023-11,24925.38,13515.49,0
C00358,smb,self_serve,2023-11,9292.67,1194.08,0
C00359,enterprise,inbound,2023-11,78842.11,51978.2,0
C00360,smb,self_serve,2023-11,3217.96,576.42,0
C00361,smb,outbound,2023-11,7697.15,8159.16,0
C00362,mid_market,inbound,2023-11,31656.12,19183.98,0
C00363,mid_market,inbound,2023-11,48139.01,26919.89,0
C00364,smb,outbound,2023-11,3037.55,2545.31,0
C00365,mid_market,outbound,2023-11,45855.35,72097.64,0
C00366,smb,outbound,2023-11,4690.82,4817.97,0
C00367,smb,inbound,2023-11,6766.8,3447.04,0
C00368,mid_market,self_serve,2023-11,49357.31,9760.24,0
C00369,mid_market,inbound,2023-11,50586.21,30967.35,0
C00370,smb,partner,2023-11,11606.61,6980.81,0
C00371,mid_market,partner,2023-11,40723.81,32924.32,0
C00372,mid_market,partner,2023-11,48349.58,50093.13,0
C00373,enterprise,inbound,2023-11,66240.84,61385.8,0
C00374,smb,inbound,2023-11,11130.37,4232.47,0
C00375,mid_market,outbound,2023-11,42562.26,56276.99,0
C00376,mid_market,inbound,2023-12,58421.6,30597.18,0
C00377,mid_market,inbound,2023-12,49828.34,29836.5,0
C00378,smb,inbound,2023-12,10510.15,3466.23,0
C00379,mid_market,inbound,2023-12,55350.9,32694.73,0
C00380,smb,inbound,2023-12,3864.31,1452.36,0
C00381,smb,partner,2023-12,5639.77,3915.91,0
C00382,mid_market,outbound,2023-12,28213.93,36960.57,0
C00383,mid_market,self_serve,2023-12,29455.46,6101.33,0
C00384,smb,partner,2023-12,6935.03,3769.16,0
C00385,smb,outbound,2023-12,6346.23,7394.38,0
C00386,enterprise,inbound,2023-12,220561.75,160001.83,0
C00387,smb,partner,2023-12,8490.02,5793.8,0
C00388,smb,outbound,2023-12,3315.15,3777.32,0
C00389,mid_market,self_serve,2023-12,35357.63,7840.35,0
C00390,enterprise,inbound,2023-12,124763.83,124924.45,0
C00391,smb,inbound,2023-12,9448.18,4456.23,0
C00392,smb,outbound,2023-12,5731.67,6459.53,0
C00393,smb,inbound,2023-12,1988.92,914.22,0
C00394,smb,partner,2023-12,9619.22,5360.76,0
C00395,mid_market,outbound,2023-12,17845.88,25646.23,0
C00396,mid_market,inbound,2023-12,28045.76,18617.04,0
C00397,smb,inbound,2023-12,7032.72,3163.35,0
C00398,smb,inbound,2023-12,2250.02,1114.87,0
C00399,mid_market,inbound,2024-01,42061.75,27889.23,0
C00400,smb,partner,2024-01,5084.55,3625.68,0
C00401,mid_market,inbound,2024-01,56581.98,34332.53,0
C00402,enterprise,self_serve,2024-01,134009.58,43993.1,0
C00403,smb,outbound,2024-01,7439.2,6136.72,0
C00404,smb,self_serve,2024-01,3327.67,467.78,0
C00405,mid_market,outbound,2024-01,50309.48,71801.94,0
C00406,enterprise,partner,2024-01,110185.25,141711.76,0
C00407,mid_market,inbound,2024-01,29712.0,20887.23,0
C00408,mid_market,outbound,2024-01,39008.36,46912.9,0
C00409,smb,partner,2024-01,5887.35,3884.07,0
C00410,smb,outbound,2024-01,9371.89,9369.84,0
C00411,smb,inbound,2024-01,8453.09,3433.44,0
C00412,smb,self_serve,2024-01,8725.38,1543.68,0
C00413,mid_market,outbound,2024-01,53604.47,78516.99,0
C00414,smb,inbound,2024-01,3563.21,1282.07,0
C00415,smb,outbound,2024-01,5580.07,5016.99,0
C00416,mid_market,partner,2024-01,52582.83,49916.56,0
C00417,smb,outbound,2024-01,2152.75,1669.01,0
C00418,mid_market,outbound,2024-01,23132.37,26703.81,0
C00419,smb,self_serve,2024-01,10217.52,1786.89,0
C00420,smb,outbound,2024-01,7411.17,6761.35,0
C00421,smb,inbound,2024-01,2489.04,1156.9,0
C00422,mid_market,self_serve,2024-01,26257.11,4948.23,0
C00423,smb,outbound,2024-01,9688.82,8442.53,0
C00424,smb,inbound,2024-02,10461.19,5292.03,0
C00425,mid_market,partner,2024-02,21495.16,15333.85,0
C00426,mid_market,outbound,2024-02,18107.64,21069.61,0
C00427,enterprise,inbound,2024-02,155462.06,144207.98,0
C00428,enterprise,inbound,2024-02,63250.62,48449.38,0
C00429,smb,inbound,2024-02,5883.0,2582.07,0
C00430,smb,inbound,2024-02,9166.41,3293.08,0
C00431,smb,self_serve,2024-02,3246.66,537.32,0
C00432,mid_market,partner,2024-02,20342.18,14940.96,0
C00433,smb,inbound,2024-02,6123.04,2886.29,0
C00434,enterprise,inbound,2024-02,130027.5,103486.1,0
C00435,smb,inbound,2024-02,2051.82,922.12,0
C00436,mid_market,outbound,2024-02,58518.06,68616.03,0
C00437,mid_market,self_serve,2024-02,20313.06,3739.22,0
C00438,mid_market,outbound,2024-02,31678.95,46184.49,0
C00439,mid_market,outbound,2024-02,15424.21,18649.82,0
C00440,mid_market,partner,2024-02,33060.29,23890.42,0
C00441,mid_market,inbound,2024-02,22916.8,13137.97,0
C00442,smb,partner,2024-02,5876.04,2995.75,0
C00443,mid_market,outbound,2024-02,26522.99,34071.01,0
C00444,smb,partner,2024-02,5102.9,2726.11,0
C00445,mid_market,outbound,2024-03,15752.37,22120.53,0
C00446,smb,inbound,2024-03,5715.19,2230.66,0
C00447,mid_market,inbound,2024-03,58992.51,29819.36,0
C00448,smb,self_serve,2024-03,8228.79,1443.43,0
C00449,smb,outbound,2024-03,11490.02,9050.75,0
C00450,smb,outbound,2024-03,2589.04,2542.02,0
C00451,smb,outbound,2024-03,4962.14,4783.78,0
C00452,mid_market,partner,2024-03,25048.25,23716.58,0
C00453,smb,partner,2024-03,10521.86,6219.16,0
C00454,mid_market,inbound,2024-03,49800.84,27326.15,0
C00455,smb,self_serve,2024-03,2067.54,275.29,0
C00456,enterprise,partner,2024-03,168164.03,229523.89,0
C00457,mid_market,outbound,2024-03,25028.29,38231.36,0
C00458,smb,outbound,2024-03,7638.97,6057.9,0
C00459,smb,outbound,2024-03,9482.98,9892.0,0
C00460,mid_market,outbound,2024-03,21545.14,25284.83,0
C00461,smb,outbound,2024-03,4436.59,4662.33,0
C00462,mid_market,self_serve,2024-03,20719.93,4666.41,0
C00463,mid_market,outbound,2024-03,44634.2,63065.05,0
C00464,enterprise,self_serve,2024-03,130505.34,41545.51,0
C00465,mid_market,outbound,2024-03,44013.09,50736.33,0
C00466,enterprise,self_serve,2024-03,193311.34,56694.55,0
C00467,smb,self_serve,2024-04,3327.57,597.84,0
C00468,smb,self_serve,2024-04,10827.3,1573.31,0
C00469,mid_market,self_serve,2024-04,52122.16,8886.5,0
C00470,smb,self_serve,2024-04,11515.49,1440.24,0
C00471,mid_market,self_serve,2024-04,12549.84,2478.74,0
C00472,smb,outbound,2024-04,7277.46,6437.64,0
C00473,mid_market,partner,2024-04,17950.8,13886.92,0
C00474,smb,partner,2024-04,3273.5,1771.92,0
C00475,smb,outbound,2024-04,5005.54,4021.64,0
C00476,mid_market,self_serve,2024-04,30538.07,6732.09,0
C00477,smb,self_serve,2024-04,10876.66,1449.68,0
C00478,mid_market,inbound,2024-04,43974.37,28681.81,0
C00479,smb,outbound,2024-04,4968.69,5357.62,0
C00480,mid_market,partner,2024-04,47091.06,35725.14,0
C00481,mid_market,outbound,2024-04,50647.98,64029.9,0
C00482,smb,partner,2024-04,4830.5,3130.23,0
C00483,mid_market,partner,2024-04,56323.34,48183.4,0
C00484,mid_market,self_serve,2024-04,55072.01,13435.93,0
C00485,smb,partner,2024-04,6324.05,4349.18,0
C00486,smb,self_serve,2024-04,9258.63,1141.56,0
C00487,mid_market,inbound,2024-04,33568.7,15879.87,0
C00488,mid_market,inbound,2024-04,12456.37,6958.99,0
C00489,mid_market,outbound,2024-04,33441.38,40086.62,0
C00490,mid_market,partner,2024-04,42303.53,29083.07,0
C00491,smb,inbound,2024-04,9165.27,4366.31,0
C00492,mid_market,inbound,2024-05,51736.58,31167.45,0
C00493,mid_market,inbound,2024-05,56917.48,36314.3,0
C00494,smb,outbound,2024-05,5018.57,4577.58,0
C00495,smb,self_serve,2024-05,9587.98,1542.21,0
C00496,smb,partner,2024-05,9509.12,5739.49,0
C00497,smb,outbound,2024-05,10303.62,10360.97,0
C00498,mid_market,outbound,2024-05,18612.64,29248.87,0
C00499,mid_market,partner,2024-05,46206.73,45796.4,0
C00500,enterprise,outbound,2024-05,93007.91,150734.98,0
C00501,smb,inbound,2024-05,5058.27,2501.79,0
C00502,smb,inbound,2024-05,8715.48,3772.12,0
C00503,smb,self_serve,2024-05,7887.92,1243.71,0
C00504,mid_market,partner,2024-05,54037.11,38529.94,0
C00505,smb,self_serve,2024-05,11344.17,1659.21,0
C00506,mid_market,inbound,2024-05,29433.03,21205.6,0
C00507,smb,inbound,2024-05,3993.09,1838.72,0
C00508,smb,inbound,2024-05,10432.06,4512.72,0
C00509,mid_market,outbound,2024-05,45578.26,56380.34,0
C00510,mid_market,inbound,2024-05,40009.52,25740.34,0
C00511,mid_market,inbound,2024-05,32840.18,19898.19,0
C00512,smb,inbound,2024-05,9315.29,3420.25,0
C00513,mid_market,outbound,2024-05,40076.03,56275.94,0
C00514,mid_market,outbound,2024-05,49401.9,77718.4,0
C00515,enterprise,outbound,2024-05,153960.73,319676.33,0
C00516,mid_market,inbound,2024-05,38346.01,24274.34,0
C00517,smb,outbound,2024-05,10188.51,8304.99,0
C00518,enterprise,inbound,2024-05,107022.77,70824.87,0
C00519,smb,partner,2024-06,8746.38,6337.46,0
C00520,smb,inbound,2024-06,7282.54,2833.58,0
C00521,enterprise,partner,2024-06,231699.77,235162.66,0
C00522,smb,self_serve,2024-06,8409.7,1375.86,0
C00523,smb,partner,2024-06,6442.52,3285.67,0
C00524,smb,inbound,2024-06,9060.86,3060.96,0
C00525,enterprise,inbound,2024-06,124172.83,117980.62,0
C00526,mid_market,partner,2024-06,59479.77,57231.31,0
C00527,enterprise,outbound,2024-06,231388.55,452812.15,0
C00528,mid_market,outbound,2024-06,39914.98,50131.11,0
C00529,mid_market,inbound,2024-06,31809.24,17997.21,0
C00530,enterprise,inbound,2024-06,222500.53,194743.08,0
C00531,smb,outbound,2024-06,10091.48,7537.64,0
C00532,mid_market,partner,2024-06,45212.7,40788.76,0
C00533,mid_market,outbound,2024-06,52861.59,74548.94,0
C00534,enterprise,inbound,2024-06,105062.72,90348.57,0
C00535,smb,outbound,2024-06,11601.89,11665.39,0
C00536,mid_market,inbound,2024-06,23959.89,12335.13,0
C00537,mid_market,self_serve,2024-06,42692.56,8580.99,0
C00538,smb,inbound,2024-06,11889.93,5596.76,0
C00539,smb,outbound,2024-06,11824.66,10271.38,0
C00540,smb,outbound,2024-06,8564.77,9246.73,0
C00541,enterprise,outbound,2024-06,74506.93,145193.58,0
C00542,mid_market,outbound,2024-06,25588.83,35255.95,0
C00543,smb,outbound,2024-06,3257.15,3453.8,0
C00544,smb,self_serve,2024-06,6764.23,896.5,0
C00545,smb,self_serve,2024-06,6582.64,872.68,0
C00546,mid_market,self_serve,2024-06,26252.36,5125.88,0
C00547,smb,inbound,2024-06,7492.99,2871.18,0
C00548,mid_market,inbound,2024-07,40831.9,27606.71,1
C00549,smb,self_serve,2024-07,6083.11,807.06,1
C00550,smb,inbound,2024-07,9083.37,3007.79,1
C00551,enterprise,self_serve,2024-07,220082.37,63653.89,1
C00552,mid_market,self_serve,2024-07,52036.49,11301.8,0
C00553,enterprise,self_serve,2024-07,63471.08,15345.28,0
C00554,mid_market,self_serve,2024-07,21111.41,3546.9,1
C00555,enterprise,outbound,2024-07,234497.8,427053.62,1
C00556,smb,self_serve,2024-07,3771.33,558.35,1
C00557,mid_market,inbound,2024-07,42305.97,27523.77,1
C00558,mid_market,outbound,2024-07,42651.26,49927.67,0
C00559,mid_market,outbound,2024-07,53061.53,70430.72,1
C00560,smb,self_serve,2024-07,10093.16,1540.87,0
C00561,mid_market,outbound,2024-07,28587.83,42969.01,1
C00562,enterprise,partner,2024-07,89992.75,96348.58,1
C00563,enterprise,outbound,2024-07,149339.35,345369.53,1
C00564,mid_market,inbound,2024-07,57322.33,41763.18,1
C00565,mid_market,partner,2024-07,31686.69,22537.65,0
C00566,enterprise,self_serve,2024-07,119572.52,36248.56,1
C00567,mid_market,inbound,2024-07,13645.46,7963.29,0
C00568,smb,self_serve,2024-07,5937.33,933.3,1
C00569,mid_market,self_serve,2024-07,19699.38,4492.87,0
C00570,enterprise,inbound,2024-07,159856.12,139678.38,1
C00571,mid_market,partner,2024-07,47333.88,36105.93,1
C00572,smb,inbound,2024-07,10975.84,5095.99,0
C00573,mid_market,inbound,2024-07,47973.07,24163.91,1
C00574,smb,inbound,2024-07,11921.84,5415.96,0
C00575,mid_market,outbound,2024-07,51359.67,58706.36,1
C00576,smb,outbound,2024-07,7811.14,7057.99,1
C00577,smb,self_serve,2024-07,11809.25,1730.07,1
C00578,mid_market,self_serve,2024-07,56341.07,10431.42,0
C00579,smb,partner,2024-07,10826.71,7652.08,1
C00580,enterprise,inbound,2024-07,162515.02,163102.81,1
C00581,smb,outbound,2024-07,6582.15,5507.08,1
C00582,mid_market,inbound,2024-07,37314.49,24543.71,0
C00583,smb,partner,2024-07,4280.49,2118.24,1
C00584,mid_market,self_serve,2024-07,41300.37,9713.1,0
C00585,smb,self_serve,2024-07,3819.45,541.91,1
C00586,mid_market,partner,2024-07,21155.04,15599.38,1
C00587,smb,inbound,2024-07,2645.91,1073.29,1
C00588,smb,inbound,2024-07,2105.45,694.05,0
C00589,enterprise,outbound,2024-07,148648.39,257701.26,0
C00590,smb,inbound,2024-07,5885.67,1956.17,0
C00591,smb,partner,2024-07,4711.13,2898.11,0
C00592,smb,outbound,2024-07,3625.31,3569.53,0
C00593,smb,self_serve,2024-07,9885.88,1657.56,0
C00594,enterprise,outbound,2024-07,84672.03,175218.56,0
C00595,mid_market,inbound,2024-07,55493.0,29813.02,1
C00596,mid_market,outbound,2024-07,47765.53,63347.43,1
C00597,enterprise,inbound,2024-07,220391.77,205207.15,0
C00598,smb,inbound,2024-08,6801.29,3164.53,1
C00599,smb,inbound,2024-08,10714.41,4729.7,1
C00600,smb,outbound,2024-08,2688.27,2470.32,0
C00601,mid_market,inbound,2024-08,40238.26,21034.25,0
C00602,mid_market,outbound,2024-08,51454.56,71753.99,1
C00603,enterprise,inbound,2024-08,227251.25,228108.35,0
C00604,enterprise,partner,2024-08,144259.19,148704.93,1
C00605,mid_market,self_serve,2024-08,48693.06,9681.87,1
C00606,mid_market,partner,2024-08,36941.64,35719.19,0
C00607,mid_market,outbound,2024-08,14685.21,18704.93,1
C00608,mid_market,partner,2024-08,13840.03,9784.15,1
C00609,smb,self_serve,2024-08,6131.19,976.6,1
C00610,mid_market,inbound,2024-08,31872.58,20286.81,1
C00611,mid_market,inbound,2024-08,22936.78,13325.9,1
C00612,smb,partner,2024-08,9966.78,6747.8,1
C00613,mid_market,partner,2024-08,30856.52,31492.58,1
C00614,smb,outbound,2024-08,8104.13,8232.81,1
C00615,mid_market,inbound,2024-08,30509.73,15644.95,0
C00616,mid_market,partner,2024-08,28081.93,20094.7,1
C00617,enterprise,inbound,2024-08,158691.77,124367.95,0
C00618,smb,self_serve,2024-08,8093.47,1068.76,1
C00619,mid_market,outbound,2024-08,48589.78,80783.18,1
C00620,mid_market,self_serve,2024-08,37056.64,9575.58,1
C00621,smb,outbound,2024-08,10522.0,11269.2,0
C00622,smb,self_serve,2024-08,7920.24,930.35,1
C00623,mid_market,outbound,2024-08,15838.44,18607.99,1
C00624,mid_market,self_serve,2024-08,41214.09,9146.49,0
C00625,enterprise,inbound,2024-08,72476.72,54501.88,0
C00626,enterprise,inbound,2024-08,75180.87,68102.19,1
C00627,mid_market,partner,2024-08,20940.48,16545.38,0
C00628,enterprise,inbound,2024-08,119240.87,78709.64,1
C00629,smb,inbound,2024-08,4969.69,2445.12,0
C00630,smb,self_serve,2024-08,9456.59,1649.21,1
C00631,mid_market,outbound,2024-08,39740.47,43943.64,0
C00632,smb,self_serve,2024-08,1976.31,247.93,1
C00633,mid_market,inbound,2024-08,33412.45,21935.2,1
C00634,smb,outbound,2024-08,1992.72,2149.32,0
C00635,smb,inbound,2024-08,10625.24,5268.47,1
C00636,mid_market,inbound,2024-08,22841.42,12105.44,0
C00637,smb,partner,2024-08,11670.27,6713.02,1
C00638,smb,inbound,2024-08,11110.53,4352.55,1
C00639,mid_market,inbound,2024-08,25120.71,12748.91,0
C00640,smb,outbound,2024-08,6524.75,7553.76,0
C00641,mid_market,self_serve,2024-09,47802.76,11638.01,0
C00642,smb,partner,2024-09,5432.02,2754.22,0
C00643,smb,partner,2024-09,7100.46,3580.61,1
C00644,mid_market,outbound,2024-09,50840.23,75161.63,1
C00645,mid_market,outbound,2024-09,44109.63,69456.25,1
C00646,enterprise,inbound,2024-09,76825.81,56634.51,1
C00647,enterprise,inbound,2024-09,88292.68,68113.4,0
C00648,enterprise,inbound,2024-09,239388.3,193439.99,0
C00649,smb,outbound,2024-09,4848.59,5408.95,1
C00650,smb,self_serve,2024-09,7070.59,1029.41,0
C00651,mid_market,inbound,2024-09,28705.27,17157.39,1
C00652,enterprise,partner,2024-09,185451.44,247097.81,1
C00653,mid_market,self_serve,2024-09,21094.09,4581.87,0
C00654,smb,self_serve,2024-09,10591.33,1927.54,0
C00655,mid_market,inbound,2024-09,45601.14,30666.21,0
C00656,mid_market,partner,2024-09,51347.66,39870.88,0
C00657,enterprise,inbound,2024-09,224222.53,206852.69,1
C00658,smb,partner,2024-09,9018.94,4911.54,1
C00659,mid_market,partner,2024-09,17824.42,13202.89,1
C00660,smb,inbound,2024-09,2832.37,1375.23,1
C00661,mid_market,inbound,2024-09,33311.65,16441.01,1
C00662,smb,self_serve,2024-09,5119.27,888.88,1
C00663,smb,self_serve,2024-09,2174.21,346.66,0
C00664,mid_market,outbound,2024-09,18905.75,23742.85,1
C00665,mid_market,inbound,2024-09,40254.8,24299.02,0
C00666,smb,inbound,2024-09,5131.75,1677.45,1
C00667,enterprise,inbound,2024-09,134047.59,101522.66,1
C00668,smb,inbound,2024-09,9767.89,3604.38,1
C00669,smb,inbound,2024-09,3113.23,1482.96,0
C00670,smb,outbound,2024-09,4133.62,4089.43,1
C00671,mid_market,self_serve,2024-09,22957.33,5764.62,1
C00672,smb,inbound,2024-09,4740.78,1893.42,1
C00673,smb,inbound,2024-09,7999.85,3488.04,1
C00674,smb,self_serve,2024-09,10613.12,1907.75,0
C00675,mid_market,outbound,2024-09,56146.03,93443.06,0
C00676,mid_market,self_serve,2024-09,39116.34,7750.15,1
C00677,smb,inbound,2024-09,5127.57,2015.93,1
C00678,smb,self_serve,2024-09,6743.85,834.03,0
C00679,mid_market,self_serve,2024-09,47742.96,12109.37,0
C00680,mid_market,outbound,2024-09,35179.91,47205.91,0
C00681,mid_market,outbound,2024-09,53180.19,86053.66,1
C00682,mid_market,self_serve,2024-09,13311.54,3145.21,1
C00683,smb,partner,2024-09,1859.35,1247.13,1
C00684,mid_market,outbound,2024-09,48265.77,57814.87,0
C00685,enterprise,self_serve,2024-09,62073.9,20228.76,1
C00686,enterprise,partner,2024-09,133623.13,173968.65,0
C00687,smb,inbound,2024-09,11236.76,4334.19,1
C00688,enterprise,self_serve,2024-09,106735.18,30380.36,1
C00689,mid_market,inbound,2024-09,55778.66,34564.71,1
C00690,mid_market,inbound,2024-09,48921.24,34447.61,1
C00691,smb,inbound,2024-09,2284.51,1001.97,1
C00692,smb,outbound,2024-09,1935.68,1813.25,1
C00693,smb,partner,2024-10,2130.5,1332.67,0
C00694,mid_market,outbound,2024-10,54612.19,82800.94,1
C00695,mid_market,inbound,2024-10,38714.22,27475.18,0
C00696,smb,outbound,2024-10,8015.94,6228.05,0
C00697,mid_market,self_serve,2024-10,23925.76,4698.51,1
C00698,mid_market,inbound,2024-10,49328.96,26644.34,1
C00699,mid_market,outbound,2024-10,35282.89,48653.91,1
C00700,smb,inbound,2024-10,2392.2,922.02,1
C00701,mid_market,outbound,2024-10,14527.95,24152.88,0
C00702,enterprise,partner,2024-10,105370.48,105369.71,1
C00703,smb,partner,2024-10,9941.2,5683.86,0
C00704,smb,inbound,2024-10,5792.45,2832.26,1
C00705,smb,self_serve,2024-10,2552.02,438.06,1
C00706,mid_market,partner,2024-10,47240.87,40959.41,0
C00707,smb,partner,2024-10,10682.81,6474.86,1
C00708,smb,self_serve,2024-10,4080.49,646.54,0
C00709,smb,outbound,2024-10,3743.7,2933.62,1
C00710,smb,partner,2024-10,8406.92,4832.47,0
C00711,enterprise,partner,2024-10,200381.41,224891.21,1
C00712,smb,self_serve,2024-10,6138.47,996.79,1
C00713,smb,outbound,2024-10,6686.82,7396.49,1
C00714,smb,self_serve,2024-10,11877.37,2060.29,0
C00715,enterprise,inbound,2024-10,158884.59,135249.91,1
C00716,enterprise,inbound,2024-10,216575.0,166722.46,1
C00717,smb,partner,2024-10,7764.73,4767.57,1
C00718,mid_market,inbound,2024-10,42951.24,27832.94,1
C00719,mid_market,self_serve,2024-10,53498.5,12895.9,1
C00720,smb,outbound,2024-10,10647.73,11792.98,0
C00721,smb,inbound,2024-10,9557.81,3595.74,1
C00722,enterprise,inbound,2024-10,203331.48,148245.0,1
C00723,smb,self_serve,2024-10,5377.98,842.12,0
C00724,smb,inbound,2024-10,2482.59,896.12,0
C00725,mid_market,inbound,2024-10,31045.51,20491.25,0
C00726,enterprise,self_serve,2024-10,196767.82,52795.76,1
C00727,smb,outbound,2024-10,7440.8,8518.46,0
C00728,smb,inbound,2024-10,7612.0,2576.69,1
C00729,mid_market,self_serve,2024-10,57950.97,10745.9,1
C00730,mid_market,self_serve,2024-10,13848.96,3506.1,0
C00731,smb,outbound,2024-10,8772.85,6866.17,0
C00732,mid_market,inbound,2024-10,33965.46,17809.52,0
C00733,smb,outbound,2024-10,8389.48,9083.08,1
C00734,smb,inbound,2024-10,9856.07,4889.62,1
C00735,smb,self_serve,2024-10,8087.23,1434.45,1
C00736,mid_market,partner,2024-10,40757.64,29088.34,0
C00737,mid_market,outbound,2024-10,55674.98,79077.61,0
C00738,smb,partner,2024-10,7462.07,3879.75,1
C00739,mid_market,partner,2024-10,52176.05,46773.43,0
C00740,enterprise,inbound,2024-11,115177.23,96833.85,1
C00741,smb,outbound,2024-11,4535.7,4196.48,0
C00742,smb,inbound,2024-11,3136.88,1497.66,0
C00743,smb,inbound,2024-11,3122.69,1463.68,1
C00744,smb,partner,2024-11,8392.06,4634.58,0
C00745,smb,inbound,2024-11,11313.37,4188.99,1
C00746,enterprise,partner,2024-11,123827.08,115804.93,1
C00747,enterprise,partner,2024-11,203421.22,252052.86,0
C00748,mid_market,partner,2024-11,51679.86,50316.61,1
C00749,smb,self_serve,2024-11,5310.01,743.81,0
C00750,mid_market,partner,2024-11,38685.48,29983.17,1
C00751,enterprise,self_serve,2024-11,235917.33,77157.19,1
C00752,mid_market,inbound,2024-11,33675.4,23626.34,0
C00753,enterprise,partner,2024-11,131629.11,172899.87,1
C00754,smb,outbound,2024-11,8157.78,7248.19,1
C00755,smb,self_serve,2024-11,3622.26,574.12,1
C00756,mid_market,inbound,2024-11,13234.74,7158.94,0
C00757,mid_market,self_serve,2024-11,29434.7,5201.61,1
C00758,mid_market,outbound,2024-11,33313.97,46384.84,0
C00759,mid_market,inbound,2024-11,51817.93,26922.68,0
C00760,mid_market,inbound,2024-11,19770.46,12657.83,1
C00761,mid_market,self_serve,2024-11,40346.6,8908.08,0
C00762,smb,self_serve,2024-11,9954.24,1353.32,1
C00763,smb,inbound,2024-11,5986.42,2024.38,0
C00764,mid_market,inbound,2024-11,42271.6,21503.01,0
C00765,smb,outbound,2024-11,4019.91,3271.66,0
C00766,mid_market,partner,2024-11,42388.42,37687.29,0
C00767,mid_market,inbound,2024-11,17500.29,10391.69,1
C00768,enterprise,outbound,2024-11,181420.52,376383.26,0
C00769,mid_market,self_serve,2024-11,20558.38,4379.32,1
C00770,mid_market,inbound,2024-11,35313.3,23161.99,1
C00771,smb,self_serve,2024-11,11738.24,1594.56,1
C00772,smb,partner,2024-11,11831.27,7630.24,0
C00773,mid_market,outbound,2024-11,30571.09,37355.03,1
C00774,smb,partner,2024-11,3682.35,2421.27,1
C00775,smb,partner,2024-11,9528.03,5699.75,1
C00776,smb,outbound,2024-11,9178.1,9849.93,1
C00777,smb,inbound,2024-11,3311.21,1225.41,1
C00778,mid_market,inbound,2024-11,41423.01,24736.35,0
C00779,mid_market,inbound,2024-11,58975.58,42497.52,1
C00780,mid_market,outbound,2024-11,50736.29,59373.4,1
C00781,smb,inbound,2024-11,4311.77,1629.62,1
C00782,enterprise,partner,2024-11,126226.92,173988.07,0
C00783,smb,partner,2024-12,9494.61,5181.85,0
C00784,smb,inbound,2024-12,4368.98,2069.49,1
C00785,mid_market,outbound,2024-12,22320.68,26590.67,1
C00786,smb,outbound,2024-12,4949.67,4523.75,1
C00787,enterprise,self_serve,2024-12,89971.82,21406.97,1
C00788,mid_market,partner,2024-12,45082.82,36414.26,1
C00789,mid_market,self_serve,2024-12,57559.51,14236.29,1
C00790,smb,inbound,2024-12,8046.56,4059.18,1
C00791,smb,inbound,2024-12,8920.83,3730.11,1
C00792,smb,inbound,2024-12,9304.74,4411.13,0
C00793,smb,inbound,2024-12,5014.29,2415.18,0
C00794,mid_market,outbound,2024-12,16367.62,24411.35,1
C00795,smb,inbound,2024-12,9807.75,4263.58,1
C00796,smb,self_serve,2024-12,5839.67,1023.1,1
C00797,mid_market,outbound,2024-12,46745.22,56223.12,1
C00798,mid_market,self_serve,2024-12,25247.85,5374.12,1
C00799,smb,partner,2024-12,3055.94,2155.64,0
C00800,enterprise,partner,2024-12,182005.69,198189.05,0
C00801,smb,inbound,2024-12,3363.17,1499.89,1
C00802,mid_market,inbound,2024-12,18407.79,13402.68,0
C00803,smb,partner,2024-12,5553.28,4024.62,1
C00804,enterprise,self_serve,2024-12,232096.65,64375.81,1
C00805,smb,partner,2024-12,5394.27,3673.17,0
C00806,mid_market,inbound,2024-12,37042.55,19256.29,1
C00807,smb,inbound,2024-12,4607.27,2101.05,1
C00808,mid_market,inbound,2024-12,49258.95,27011.28,0
C00809,mid_market,partner,2024-12,21977.35,16083.74,0
C00810,enterprise,inbound,2024-12,156735.52,143834.12,1
C00811,mid_market,outbound,2024-12,56749.56,81704.82,1
C00812,mid_market,outbound,2024-12,21105.69,33359.73,1
C00813,smb,partner,2024-12,8651.35,5261.53,1
C00814,mid_market,partner,2024-12,45425.93,36182.96,1
C00815,smb,inbound,2024-12,7768.04,3548.7,1
C00816,smb,outbound,2024-12,11736.14,10934.28,0
C00817,mid_market,outbound,2024-12,57622.0,93747.64,1
C00818,smb,partner,2024-12,11067.82,5363.62,1
C00819,mid_market,partner,2024-12,31499.73,21473.36,0
C00820,smb,partner,2024-12,5036.72,3452.13,0
C00821,mid_market,inbound,2024-12,25699.11,15191.96,0
C00822,mid_market,outbound,2024-12,58884.78,70919.88,1
C00823,smb,self_serve,2024-12,7668.98,1006.96,0
C00824,smb,outbound,2024-12,9679.79,8546.47,1
C00825,mid_market,inbound,2024-12,53204.63,28012.81,0
C00826,smb,outbound,2024-12,7526.32,7886.0,0
C00827,mid_market,inbound,2024-12,32475.41,18207.98,0
C00828,smb,outbound,2024-12,7075.97,5752.78,1
C00829,mid_market,self_serve,2024-12,50187.19,11484.15,1
C00830,mid_market,partner,2024-12,40906.15,42368.52,1
C00831,mid_market,inbound,2024-12,16541.02,11296.83,0
C00832,mid_market,outbound,2024-12,13482.68,17173.08,0
C00833,smb,outbound,2024-12,5485.1,4655.11,0
C00834,smb,outbound,2024-12,6280.55,5182.25,0
C00835,mid_market,outbound,2024-12,50314.32,68063.83,1
C00836,mid_market,self_serve,2024-12,45987.9,8110.8,0
C00837,mid_market,partner,2024-12,25660.0,20248.71,1
C00838,mid_market,inbound,2024-12,27897.67,20263.86,0
C00839,enterprise,partner,2024-12,183617.52,186290.28,1
C00840,smb,outbound,2024-12,3030.24,3203.28,1
C00841,mid_market,self_serve,2024-12,51132.98,12377.25,1
C00842,smb,partner,2024-12,10859.74,5171.57,1
C00843,mid_market,inbound,2024-12,13401.16,8333.48,1
C00844,smb,partner,2025-01,5680.61,3002.57,0
C00845,mid_market,inbound,2025-01,25458.49,17092.57,0
C00846,mid_market,inbound,2025-01,27532.4,16925.68,0
C00847,mid_market,outbound,2025-01,22379.82,33401.23,0
C00848,smb,outbound,2025-01,11382.01,9039.36,0
C00849,mid_market,inbound,2025-01,51152.74,31580.01,0
C00850,mid_market,partner,2025-01,46171.36,33993.36,0
C00851,smb,outbound,2025-01,10450.56,10346.44,0
C00852,mid_market,self_serve,2025-01,17995.59,4065.44,0
C00853,mid_market,inbound,2025-01,37869.31,23540.46,0
C00854,smb,outbound,2025-01,2991.67,2575.36,0
C00855,mid_market,partner,2025-01,34085.2,26111.91,0
C00856,mid_market,partner,2025-01,41217.7,33053.46,0
C00857,smb,inbound,2025-01,2447.71,896.37,0
C00858,enterprise,self_serve,2025-01,225323.04,67307.86,0
C00859,smb,self_serve,2025-01,6862.17,880.16,0
C00860,smb,partner,2025-01,10600.15,5124.79,0
C00861,mid_market,inbound,2025-01,55809.19,29818.41,0
C00862,smb,self_serve,2025-01,8980.92,1325.21,0
C00863,smb,inbound,2025-01,2280.62,822.74,0
C00864,mid_market,self_serve,2025-01,42471.76,7903.31,0
C00865,mid_market,partner,2025-01,17664.07,18172.49,0
C00866,mid_market,outbound,2025-01,57731.95,62319.78,0
C00867,smb,inbound,2025-01,11176.32,5635.73,0
C00868,enterprise,inbound,2025-01,81242.0,82366.3,0
C00869,mid_market,outbound,2025-01,25267.31,35564.78,0
C00870,mid_market,inbound,2025-01,31481.13,22535.04,0
C00871,smb,outbound,2025-01,3086.94,2494.7,0
C00872,mid_market,inbound,2025-01,41606.46,24585.11,0
C00873,smb,self_serve,2025-01,5524.41,921.35,0
C00874,smb,inbound,2025-02,2905.91,1092.9,0
C00875,enterprise,inbound,2025-02,183623.14,133720.32,0
C00876,smb,outbound,2025-02,4345.52,4345.89,0
C00877,smb,inbound,2025-02,4865.11,1888.53,0
C00878,mid_market,inbound,2025-02,59761.53,35747.91,0
C00879,smb,self_serve,2025-02,3079.8,533.77,0
C00880,smb,inbound,2025-02,4658.71,1575.18,0
C00881,smb,self_serve,2025-02,5130.87,698.76,0
C00882,mid_market,partner,2025-02,52344.43,42116.65,0
C00883,mid_market,inbound,2025-02,24525.56,16651.03,0
C00884,smb,inbound,2025-02,1841.55,735.13,0
C00885,mid_market,self_serve,2025-02,56300.32,13201.65,0
C00886,smb,self_serve,2025-02,3089.31,422.23,0
C00887,mid_market,self_serve,2025-02,40490.86,8737.26,0
C00888,enterprise,inbound,2025-02,195585.82,169769.83,0
C00889,smb,inbound,2025-02,7775.66,3604.8,0
C00890,smb,inbound,2025-02,3870.58,1273.15,0
C00891,mid_market,self_serve,2025-02,44048.07,8703.6,0
C00892,smb,partner,2025-02,6087.9,3893.41,0
C00893,enterprise,outbound,2025-02,213002.57,395017.53,0
C00894,smb,self_serve,2025-02,5097.26,797.62,0
C00895,mid_market,self_serve,2025-02,31551.62,5894.98,0
C00896,mid_market,partner,2025-02,54631.21,39690.63,0
C00897,smb,partner,2025-02,10510.86,6351.15,0
C00898,smb,inbound,2025-02,9223.73,3375.55,0
C00899,mid_market,outbound,2025-02,36585.19,60101.07,0
C00900,smb,outbound,2025-02,5318.68,4016.02,0
C00901,smb,partner,2025-02,7003.28,4739.59,0
C00902,smb,partner,2025-03,3232.39,1968.39,0
C00903,smb,inbound,2025-03,6326.82,2753.33,0
C00904,mid_market,partner,2025-03,26097.47,17408.21,0
C00905,smb,outbound,2025-03,8468.44,8186.98,0
C00906,enterprise,inbound,2025-03,73172.61,67756.94,0
C00907,mid_market,self_serve,2025-03,47513.92,8544.05,0
C00908,smb,inbound,2025-03,10606.62,3579.5,0
C00909,mid_market,partner,2025-03,30844.29,23039.61,0
C00910,enterprise,self_serve,2025-03,134205.2,40196.59,0
C00911,smb,partner,2025-03,7617.13,4561.77,0
C00912,smb,partner,2025-03,10692.23,7671.21,0
C00913,smb,inbound,2025-03,7224.51,3119.99,0
C00914,smb,outbound,2025-03,2753.16,3183.37,0
C00915,smb,inbound,2025-03,8967.31,3531.16,0
C00916,smb,inbound,2025-03,8454.9,3463.4,0
C00917,smb,inbound,2025-03,9521.66,3988.64,0
C00918,smb,self_serve,2025-03,8315.28,1241.69,0
C00919,smb,outbound,2025-03,5680.46,6480.54,0
C00920,mid_market,inbound,2025-03,39710.85,22819.14,0
C00921,enterprise,outbound,2025-03,141809.92,329773.07,0
C00922,enterprise,self_serve,2025-03,157598.14,37036.7,0
C00923,smb,self_serve,2025-03,5758.33,1020.89,0
C00924,mid_market,inbound,2025-03,52062.02,35967.94,0
C00925,smb,inbound,2025-03,7334.08,2628.48,0
C00926,mid_market,inbound,2025-03,39273.25,21539.2,0
C00927,smb,outbound,2025-03,7195.57,7260.03,0
C00928,smb,outbound,2025-03,5708.72,5297.65,0
C00929,mid_market,self_serve,2025-03,55227.57,10947.47,0
C00930,smb,inbound,2025-03,10351.98,4754.22,0
C00931,smb,self_serve,2025-03,9825.89,1773.9,0
C00932,smb,outbound,2025-03,5470.16,4333.13,0
C00933,smb,outbound,2025-03,1841.87,1875.92,0
C00934,mid_market,outbound,2025-03,55759.11,75732.23,0
C00935,smb,inbound,2025-03,10341.06,4392.64,0
C00936,smb,outbound,2025-03,4658.46,3734.87,0
C00937,mid_market,outbound,2025-03,35928.88,52800.52,0
C00938,mid_market,partner,2025-03,22214.14,17066.71,0
C00939,smb,outbound,2025-04,2713.12,2910.53,0
C00940,enterprise,inbound,2025-04,79985.78,61433.32,0
C00941,smb,inbound,2025-04,9743.21,3668.36,0
C00942,mid_market,outbound,2025-04,31913.44,52629.53,0
C00943,enterprise,inbound,2025-04,96794.81,66475.14,0
C00944,mid_market,partner,2025-04,26857.03,21657.37,0
C00945,smb,inbound,2025-04,1998.1,993.73,0
C00946,smb,inbound,2025-04,6309.71,2693.94,0
C00947,mid_market,self_serve,2025-04,49860.1,10412.17,0
C00948,enterprise,partner,2025-04,115271.63,148689.99,0
C00949,mid_market,outbound,2025-04,25737.47,29784.65,0
C00950,mid_market,outbound,2025-04,26792.22,44265.18,0
C00951,smb,outbound,2025-04,5930.86,6851.43,0
C00952,smb,outbound,2025-04,9344.22,8449.04,0
C00953,smb,inbound,2025-04,10520.49,5159.94,0
C00954,smb,inbound,2025-04,10705.62,4616.56,0
C00955,mid_market,outbound,2025-04,20156.8,25710.33,0
C00956,enterprise,outbound,2025-04,125552.07,205055.94,0
C00957,enterprise,outbound,2025-04,184223.26,335864.33,0
C00958,enterprise,inbound,2025-04,206119.37,169000.9,0
C00959,mid_market,self_serve,2025-04,23452.98,5313.81,0
C00960,mid_market,self_serve,2025-04,13730.07,3114.48,0
C00961,enterprise,partner,2025-04,144208.67,206316.6,0
C00962,mid_market,partner,2025-04,52554.62,37506.88,0
C00963,mid_market,inbound,2025-04,50896.96,26528.89,0
C00964,smb,outbound,2025-04,3356.69,2672.52,0
C00965,mid_market,partner,2025-04,36764.53,35225.63,0
C00966,smb,partner,2025-04,11280.35,6149.33,0
C00967,smb,partner,2025-04,7854.11,4191.67,0
C00968,smb,inbound,2025-05,6939.51,2954.82,0
C00969,mid_market,outbound,2025-05,28500.99,31070.7,0
C00970,smb,self_serve,2025-05,10224.94,1372.39,0
C00971,smb,inbound,2025-05,9571.42,4419.46,0
C00972,enterprise,self_serve,2025-05,186621.63,50196.63,0
C00973,mid_market,inbound,2025-05,32642.42,23163.97,0
C00974,smb,self_serve,2025-05,4605.62,628.6,0
C00975,smb,inbound,2025-05,3198.84,1247.09,0
C00976,enterprise,partner,2025-05,157812.11,226684.97,0
C00977,smb,inbound,2025-05,3265.1,1660.8,0
C00978,smb,self_serve,2025-05,10115.2,1515.01,0
C00979,enterprise,inbound,2025-05,152076.05,151492.14,0
C00980,smb,inbound,2025-05,11413.97,4612.78,0
C00981,enterprise,self_serve,2025-05,213755.35,66849.32,0
C00982,smb,outbound,2025-05,10126.92,8491.07,0
C00983,mid_market,self_serve,2025-05,42057.71,10760.94,0
C00984,mid_market,outbound,2025-05,36726.23,52597.49,0
C00985,mid_market,outbound,2025-05,23299.24,37657.52,0
C00986,mid_market,partner,2025-05,20179.79,18163.09,0
C00987,smb,outbound,2025-05,8036.02,7392.38,0
C00988,mid_market,outbound,2025-05,45887.59,69401.65,0
C00989,mid_market,inbound,2025-05,50129.04,27145.05,0
C00990,smb,self_serve,2025-05,8040.77,1031.09,0
C00991,mid_market,outbound,2025-05,53014.98,70937.89,0
C00992,smb,outbound,2025-05,9231.75,7877.47,0
C00993,mid_market,inbound,2025-05,22098.77,13583.51,0
C00994,mid_market,outbound,2025-05,38783.07,60228.1,0
C00995,mid_market,outbound,2025-05,41358.31,50503.04,0
C00996,mid_market,self_serve,2025-05,18869.45,3149.45,0
C00997,enterprise,self_serve,2025-05,131932.74,40998.52,0
C00998,mid_market,outbound,2025-05,42810.45,49253.0,0
C00999,enterprise,inbound,2025-05,187330.21,154546.07,0
C01000,mid_market,self_serve,2025-05,53568.97,9931.51,0
C01001,smb,outbound,2025-05,3359.39,3138.17,0
C01002,mid_market,inbound,2025-05,59352.38,32847.53,0
C01003,smb,outbound,2025-05,5707.92,4559.3,0
C01004,mid_market,outbound,2025-05,31451.89,50056.1,0
C01005,mid_market,partner,2025-05,16643.78,14977.01,0
C01006,smb,self_serve,2025-06,2490.01,296.77,0
C01007,mid_market,self_serve,2025-06,25654.35,5228.82,0
C01008,smb,outbound,2025-06,10931.87,9886.32,0
C01009,mid_market,inbound,2025-06,22171.04,14955.17,0
C01010,smb,partner,2025-06,9690.88,5719.07,0
C01011,smb,partner,2025-06,11576.08,6780.42,0
C01012,mid_market,inbound,2025-06,52174.37,27607.54,0
C01013,mid_market,inbound,2025-06,35449.06,22444.75,0
C01014,smb,outbound,2025-06,11433.36,11398.94,0
C01015,smb,inbound,2025-06,9162.67,3248.8,0
C01016,mid_market,outbound,2025-06,18652.1,28797.22,0
C01017,mid_market,outbound,2025-06,38223.13,54288.66,0
C01018,mid_market,inbound,2025-06,59997.54,34996.15,0
C01019,mid_market,inbound,2025-06,21465.92,11778.45,0
C01020,smb,outbound,2025-06,7122.12,5634.79,0
C01021,enterprise,partner,2025-06,128911.25,143172.32,0
C01022,mid_market,inbound,2025-06,39490.87,20680.73,0
C01023,smb,inbound,2025-06,8604.66,4031.88,0
C01024,enterprise,inbound,2025-06,91326.13,67680.58,0
C01025,mid_market,outbound,2025-06,49956.22,57224.95,0
C01026,mid_market,self_serve,2025-06,36311.59,9127.64,0
C01027,enterprise,partner,2025-06,206323.59,251460.65,0
C01028,smb,outbound,2025-06,4469.0,4533.93,0
C01029,smb,outbound,2025-06,3327.14,2918.42,0
C01030,mid_market,partner,2025-06,33512.6,23267.26,0
C01031,smb,self_serve,2025-06,11726.81,1570.69,0
C01032,mid_market,outbound,2025-06,20324.04,29253.33,0
C01033,smb,partner,2025-06,8832.52,5399.16,0
C01034,mid_market,partner,2025-06,42546.93,35200.08,0
C01035,mid_market,partner,2025-06,57261.96,47134.39,0
C01036,smb,outbound,2025-06,9651.83,7982.18,0
C01037,smb,partner,2025-06,7010.54,3760.37,0
C01038,mid_market,inbound,2025-06,53315.88,32303.59,0
C01039,mid_market,outbound,2025-06,31172.73,38979.89,0
C01040,enterprise,outbound,2025-06,166637.98,312150.27,0
C01041,smb,self_serve,2025-06,9778.43,1225.12,0
C01042,mid_market,inbound,2025-06,18538.41,8695.09,0
C01043,mid_market,inbound,2025-07,46323.17,30586.54,0
C01044,mid_market,inbound,2025-07,50654.61,31856.34,0
C01045,mid_market,outbound,2025-07,56555.89,88282.05,0
C01046,smb,outbound,2025-07,10662.45,9250.9,0
C01047,smb,inbound,2025-07,3829.02,1886.02,0
C01048,smb,outbound,2025-07,8677.86,10122.97,0
C01049,smb,inbound,2025-07,11756.42,4568.0,0
C01050,mid_market,self_serve,2025-07,13213.7,2407.05,0
C01051,mid_market,outbound,2025-07,59822.01,73703.32,0
C01052,mid_market,inbound,2025-07,15577.25,10200.95,0
C01053,smb,inbound,2025-07,10877.42,3823.89,0
C01054,mid_market,self_serve,2025-07,20088.87,4842.72,0
C01055,smb,inbound,2025-07,3781.82,1588.16,0
C01056,smb,partner,2025-07,4108.09,2181.48,0
C01057,enterprise,self_serve,2025-07,102813.68,25225.22,0
C01058,mid_market,partner,2025-07,40096.16,31290.05,0
C01059,smb,inbound,2025-07,2867.95,1410.19,0
C01060,mid_market,partner,2025-07,28478.44,29451.74,0
C01061,smb,outbound,2025-07,6329.59,5332.89,0
C01062,mid_market,partner,2025-07,53286.04,42090.84,0
C01063,smb,inbound,2025-07,6368.46,2300.16,0
C01064,mid_market,partner,2025-07,42510.69,31566.95,0
C01065,enterprise,self_serve,2025-07,154077.78,44771.2,0
C01066,enterprise,outbound,2025-07,141414.88,316952.26,0
C01067,mid_market,self_serve,2025-07,42427.01,7522.04,0
C01068,mid_market,outbound,2025-07,39229.21,45365.22,0
C01069,smb,outbound,2025-07,10192.04,8522.44,0
C01070,mid_market,self_serve,2025-07,53274.7,10338.42,0
C01071,smb,outbound,2025-07,3918.62,3402.13,0
C01072,enterprise,inbound,2025-08,207909.64,199214.72,0
C01073,enterprise,outbound,2025-08,125791.51,223835.62,0
C01074,mid_market,outbound,2025-08,52204.65,70346.71,0
C01075,enterprise,inbound,2025-08,219298.26,174869.59,0
C01076,mid_market,partner,2025-08,43845.12,41634.49,0
C01077,mid_market,inbound,2025-08,14429.66,9675.74,0
C01078,mid_market,outbound,2025-08,40199.31,65758.5,0
C01079,smb,self_serve,2025-08,9575.56,1352.04,0
C01080,mid_market,self_serve,2025-08,15754.37,2677.91,0
C01081,smb,inbound,2025-08,5218.99,2324.66,0
C01082,smb,outbound,2025-08,5799.15,5628.21,0
C01083,smb,self_serve,2025-08,11175.61,1670.18,0
C01084,smb,outbound,2025-08,9784.48,7783.26,0
C01085,smb,partner,2025-08,4775.39,2739.06,0
C01086,smb,partner,2025-08,10497.16,6579.26,0
C01087,smb,inbound,2025-08,11323.85,5294.4,0
C01088,enterprise,partner,2025-08,210751.89,267365.98,0
C01089,mid_market,outbound,2025-08,52846.73,66693.05,0
C01090,mid_market,self_serve,2025-08,33773.93,8466.15,0
C01091,smb,outbound,2025-08,9585.96,9895.58,0
C01092,smb,self_serve,2025-08,6570.49,1151.02,0
C01093,mid_market,partner,2025-08,33060.96,25256.34,0
C01094,mid_market,partner,2025-08,22651.87,18571.72,0
C01095,smb,self_serve,2025-08,10793.21,1464.64,0
C01096,smb,self_serve,2025-08,8806.33,1208.27,0
C01097,smb,inbound,2025-08,5850.71,2315.84,0
C01098,mid_market,partner,2025-08,58741.74,45034.31,0
C01099,smb,inbound,2025-08,9754.57,3874.01,0
C01100,mid_market,self_serve,2025-08,12743.76,3228.46,0
C01101,smb,self_serve,2025-08,9583.81,1697.26,0
C01102,smb,inbound,2025-08,11561.31,3835.79,0
C01103,mid_market,partner,2025-08,14916.3,10799.37,0
C01104,enterprise,outbound,2025-09,60305.87,112474.67,0
C01105,smb,inbound,2025-09,3105.07,1015.6,0
C01106,mid_market,outbound,2025-09,15233.55,22035.73,0
C01107,enterprise,partner,2025-09,222290.19,244653.47,0
C01108,smb,self_serve,2025-09,8157.87,1268.76,0
C01109,smb,outbound,2025-09,4113.4,3544.49,0
C01110,mid_market,self_serve,2025-09,33255.38,8287.28,0
C01111,smb,partner,2025-09,7797.5,3867.86,0
C01112,smb,partner,2025-09,4400.53,3145.38,0
C01113,smb,inbound,2025-09,11069.83,4731.78,0
C01114,enterprise,self_serve,2025-09,80028.9,26891.4,0
C01115,mid_market,partner,2025-09,55181.0,54467.61,0
C01116,mid_market,self_serve,2025-09,54156.8,10201.1,0
C01117,smb,partner,2025-09,8974.84,4246.28,0
C01118,enterprise,inbound,2025-09,221778.62,158637.25,0
C01119,smb,inbound,2025-09,6222.28,2195.88,0
C01120,smb,outbound,2025-09,4787.69,3915.58,0
C01121,mid_market,partner,2025-09,19118.96,13539.72,0
C01122,enterprise,partner,2025-09,112194.99,120272.7,0
C01123,smb,partner,2025-09,11136.85,7882.04,0
C01124,mid_market,inbound,2025-09,20505.16,13356.07,0
C01125,mid_market,partner,2025-09,43982.0,41250.27,0
C01126,mid_market,partner,2025-09,16427.31,11909.95,0
C01127,smb,self_serve,2025-09,8615.18,1349.32,0
C01128,smb,outbound,2025-09,7165.91,7311.26,0
C01129,smb,partner,2025-09,5217.12,2574.29,0
C01130,enterprise,outbound,2025-09,176520.71,338526.37,0
C01131,enterprise,outbound,2025-09,134448.34,245782.27,0
C01132,mid_market,inbound,2025-09,34894.48,24850.15,0
C01133,smb,partner,2025-09,5082.16,2649.45,0
C01134,smb,outbound,2025-09,4790.94,3606.23,0
C01135,mid_market,inbound,2025-09,20559.41,11345.16,0
C01136,smb,inbound,2025-09,5061.8,2025.78,0
C01137,mid_market,inbound,2025-09,33368.69,18496.0,0
C01138,mid_market,outbound,2025-09,58989.65,89085.7,0
C01139,smb,inbound,2025-09,4355.35,1812.81,0
C01140,mid_market,inbound,2025-09,21232.48,12255.02,0
C01141,smb,self_serve,2025-09,11754.69,1757.67,0
C01142,smb,outbound,2025-09,7701.69,8288.49,0
C01143,mid_market,outbound,2025-09,59874.01,85024.96,0
C01144,smb,outbound,2025-09,4904.97,4246.04,0
C01145,smb,inbound,2025-10,2564.47,1214.93,0
C01146,smb,inbound,2025-10,4420.91,1987.05,0
C01147,mid_market,self_serve,2025-10,32640.78,5936.07,0
C01148,smb,self_serve,2025-10,4997.78,734.78,0
C01149,mid_market,inbound,2025-10,56061.4,38268.85,0
C01150,mid_market,inbound,2025-10,48118.22,31896.35,0
C01151,smb,inbound,2025-10,2124.64,931.27,0
C01152,mid_market,inbound,2025-10,38703.31,22570.44,0
C01153,smb,self_serve,2025-10,11871.38,1869.45,0
C01154,smb,partner,2025-10,4851.5,2447.03,0
C01155,mid_market,outbound,2025-10,37249.65,40442.66,0
C01156,mid_market,outbound,2025-10,14457.24,18187.77,0
C01157,enterprise,partner,2025-10,94408.48,90948.32,0
C01158,smb,inbound,2025-10,6347.52,2967.36,0
C01159,smb,partner,2025-10,1977.83,1086.74,0
C01160,mid_market,inbound,2025-10,35996.61,18857.39,0
C01161,mid_market,partner,2025-10,44100.23,43640.54,0
C01162,smb,partner,2025-10,11424.94,6355.11,0
C01163,smb,outbound,2025-10,7868.97,5997.21,0
C01164,mid_market,outbound,2025-10,37359.2,47861.56,0
C01165,smb,inbound,2025-10,7720.33,3176.71,0
C01166,smb,outbound,2025-10,9241.01,8790.28,0
C01167,mid_market,outbound,2025-10,23032.65,25795.56,0
C01168,mid_market,inbound,2025-10,15888.55,10081.19,0
C01169,smb,inbound,2025-10,10090.8,3819.02,0
C01170,mid_market,inbound,2025-10,47643.0,25308.56,0
C01171,smb,self_serve,2025-10,9973.63,1558.48,0
C01172,smb,inbound,2025-10,8241.65,3661.65,0
C01173,mid_market,inbound,2025-10,12261.9,8254.74,0
C01174,mid_market,inbound,2025-10,25487.17,15373.03,0
C01175,mid_market,outbound,2025-10,57103.49,72865.46,0
C01176,mid_market,inbound,2025-10,35171.11,22072.32,0
C01177,smb,partner,2025-11,9028.18,4673.42,0
C01178,mid_market,partner,2025-11,27241.61,23739.08,0
C01179,mid_market,partner,2025-11,34451.54,31784.08,0
C01180,smb,self_serve,2025-11,7398.43,1218.89,0
C01181,mid_market,inbound,2025-11,28279.27,19820.31,0
C01182,smb,self_serve,2025-11,2645.91,327.46,0
C01183,mid_market,inbound,2025-11,57224.66,41292.0,0
C01184,mid_market,partner,2025-11,30346.43,31378.61,0
C01185,smb,partner,2025-11,7981.59,5628.38,0
C01186,smb,inbound,2025-11,10034.49,4609.39,0
C01187,smb,inbound,2025-11,10809.3,4540.82,0
C01188,mid_market,inbound,2025-11,38817.82,19813.21,0
C01189,mid_market,inbound,2025-11,40703.57,29554.14,0
C01190,enterprise,inbound,2025-11,205819.42,164024.89,0
C01191,smb,outbound,2025-11,10140.96,8682.85,0
C01192,mid_market,outbound,2025-11,46628.18,55726.68,0
C01193,mid_market,outbound,2025-11,56889.7,73418.91,0
C01194,smb,outbound,2025-11,9622.24,7986.57,0
C01195,enterprise,inbound,2025-11,216999.31,214956.64,0
C01196,enterprise,self_serve,2025-11,204553.66,60024.07,0
C01197,smb,self_serve,2025-11,3516.34,505.99,0
C01198,smb,self_serve,2025-11,3603.74,511.67,0
C01199,mid_market,self_serve,2025-11,30979.48,7009.86,0
C01200,smb,inbound,2025-11,3420.71,1612.23,0
C01201,enterprise,self_serve,2025-11,86478.32,28520.83,0
C01202,mid_market,outbound,2025-11,50500.35,82281.7,0
C01203,mid_market,inbound,2025-11,36756.23,22594.15,0
C01204,mid_market,outbound,2025-11,28893.7,40499.65,0
C01205,mid_market,partner,2025-11,16866.13,15491.15,0
C01206,smb,partner,2025-11,8385.73,4748.63,0
C01207,smb,outbound,2025-11,11698.79,11383.22,0
C01208,mid_market,partner,2025-11,56051.13,58073.08,0
C01209,smb,inbound,2025-11,7820.13,3680.46,0
C01210,enterprise,partner,2025-11,230795.06,274487.44,0
C01211,smb,partner,2025-11,5154.65,3486.81,0
C01212,smb,inbound,2025-11,3913.16,1877.87,0
C01213,enterprise,inbound,2025-11,210969.14,209096.98,0
C01214,mid_market,self_serve,2025-11,48794.66,10021.42,0
C01215,smb,outbound,2025-11,10684.65,9942.89,0
C01216,enterprise,outbound,2025-11,113143.08,226659.19,0
C01217,smb,inbound,2025-12,7741.09,2878.03,0
C01218,smb,outbound,2025-12,10542.77,10413.35,0
C01219,mid_market,inbound,2025-12,49201.26,35806.21,0
C01220,enterprise,partner,2025-12,191922.83,231238.42,0
C01221,smb,partner,2025-12,10483.79,5589.06,0
C01222,mid_market,inbound,2025-12,49155.07,29836.21,0
C01223,smb,inbound,2025-12,11248.73,4121.95,0
C01224,mid_market,outbound,2025-12,13328.92,15681.43,0
C01225,smb,inbound,2025-12,8372.06,3379.61,0
C01226,smb,outbound,2025-12,9488.44,8952.55,0
C01227,smb,partner,2025-12,7422.2,4872.8,0
C01228,smb,inbound,2025-12,9357.4,4734.53,0
C01229,mid_market,self_serve,2025-12,57296.03,13025.2,0
C01230,smb,inbound,2025-12,2050.92,973.94,0
C01231,mid_market,inbound,2025-12,43051.14,30352.54,0
C01232,smb,partner,2025-12,9907.58,6880.01,0
C01233,smb,partner,2025-12,5711.73,3609.9,0
C01234,smb,outbound,2025-12,11958.4,13695.46,0
C01235,mid_market,self_serve,2025-12,13209.13,2743.22,0
C01236,enterprise,outbound,2025-12,109233.9,242101.09,0
C01237,mid_market,inbound,2025-12,34989.67,18481.51,0
C01238,mid_market,self_serve,2025-12,44209.81,11120.05,0
C01239,enterprise,inbound,2025-12,100326.24,75651.78,0
C01240,smb,inbound,2025-12,4523.3,2282.47,0
C01241,smb,inbound,2025-12,8363.3,2764.64,0
C01242,mid_market,partner,2025-12,29671.66,19842.04,0
C01243,enterprise,self_serve,2025-12,127205.52,37035.47,0
C01244,enterprise,inbound,2025-12,212420.05,171931.33,0
C01245,smb,partner,2025-12,6704.09,4093.02,0
C01246,smb,partner,2025-12,5474.51,2632.77,0
C01247,mid_market,self_serve,2025-12,25978.81,4419.4,0
C01248,smb,self_serve,2025-12,6713.84,1017.83,0
C01249,smb,inbound,2025-12,3710.78,1350.1,0
C01250,mid_market,partner,2025-12,53586.94,50605.39,0
C01251,smb,inbound,2025-12,2307.43,946.67,0
C01252,smb,inbound,2025-12,11146.92,5447.63,0
C01253,smb,self_serve,2025-12,4487.81,787.96,0
C01254,mid_market,outbound,2025-12,25867.69,30123.81,0
C01255,enterprise,outbound,2025-12,198064.11,362093.1,0
C01256,smb,outbound,2025-12,9227.29,7647.57,0
C01257,smb,partner,2026-01,10440.03,7348.63,0
C01258,smb,inbound,2026-01,8906.52,3175.88,0
C01259,mid_market,self_serve,2026-01,15530.53,3071.35,0
C01260,mid_market,outbound,2026-01,59103.29,77295.17,0
C01261,smb,partner,2026-01,7415.1,3876.73,0
C01262,smb,inbound,2026-01,4727.59,1941.29,0
C01263,smb,self_serve,2026-01,9342.51,1661.68,0
C01264,mid_market,outbound,2026-01,32907.34,46492.89,0
C01265,mid_market,outbound,2026-01,40316.92,50461.34,0
C01266,smb,inbound,2026-01,6237.04,2317.0,0
C01267,enterprise,outbound,2026-01,236477.92,369770.56,0
C01268,smb,self_serve,2026-01,5755.47,697.96,0
C01269,smb,partner,2026-01,7352.41,4851.6,0
C01270,smb,partner,2026-01,11407.02,5646.54,0
C01271,smb,outbound,2026-01,1861.48,1603.58,0
C01272,smb,outbound,2026-01,6491.51,7533.31,0
C01273,mid_market,inbound,2026-01,45918.82,32583.01,0
C01274,smb,partner,2026-01,5636.98,2823.06,0
C01275,mid_market,outbound,2026-01,16429.53,23642.9,0
C01276,enterprise,inbound,2026-01,223279.66,225199.9,0
C01277,smb,inbound,2026-01,5128.77,1855.1,0
C01278,mid_market,partner,2026-01,46077.05,37043.6,0
C01279,mid_market,inbound,2026-01,21462.72,11595.3,0
C01280,mid_market,outbound,2026-01,17396.31,19130.57,0
C01281,enterprise,partner,2026-01,69528.85,66013.79,0
C01282,mid_market,inbound,2026-01,48397.06,32721.23,0
C01283,mid_market,inbound,2026-01,17980.63,10495.23,0
C01284,enterprise,inbound,2026-01,114437.14,110037.47,0
C01285,mid_market,inbound,2026-01,16870.71,11199.16,0
C01286,enterprise,outbound,2026-01,159783.09,340607.19,0
C01287,smb,partner,2026-02,1905.16,1156.04,0
C01288,enterprise,self_serve,2026-02,205021.79,56379.87,0
C01289,smb,inbound,2026-02,10649.69,4923.42,0
C01290,smb,inbound,2026-02,8557.91,4341.7,0
C01291,smb,self_serve,2026-02,10210.9,1779.62,0
C01292,mid_market,inbound,2026-02,21743.19,10983.5,0
C01293,smb,self_serve,2026-02,9358.02,1513.93,0
C01294,mid_market,outbound,2026-02,20369.94,24129.98,0
C01295,mid_market,outbound,2026-02,51016.9,57072.55,0
C01296,enterprise,inbound,2026-02,192196.16,155366.27,0
C01297,smb,partner,2026-02,3536.47,1697.99,0
C01298,enterprise,partner,2026-02,80739.91,114851.38,0
C01299,smb,inbound,2026-02,5298.31,2569.7,0
C01300,smb,self_serve,2026-02,3189.77,571.65,0
C01301,mid_market,inbound,2026-02,24302.55,16425.48,0
C01302,smb,outbound,2026-02,6093.6,7060.85,0
C01303,mid_market,partner,2026-02,19477.26,13536.86,0
C01304,smb,inbound,2026-02,11975.74,4203.51,0
C01305,smb,outbound,2026-02,11183.8,8860.5,0
C01306,mid_market,inbound,2026-02,42219.37,25274.23,0
C01307,smb,outbound,2026-02,6566.1,5223.14,0
C01308,mid_market,inbound,2026-02,38866.85,21547.28,0
C01309,mid_market,self_serve,2026-02,57508.11,12899.69,0
C01310,mid_market,partner,2026-02,32561.57,26462.49,0
C01311,mid_market,self_serve,2026-02,37888.54,7538.39,0
C01312,smb,partner,2026-02,10669.77,7394.56,0
C01313,mid_market,self_serve,2026-02,19330.89,4454.19,0
C01314,mid_market,outbound,2026-02,50076.92,73135.44,0
C01315,smb,inbound,2026-02,6272.72,2402.61,0
C01316,smb,outbound,2026-02,2659.85,2872.52,0
C01317,enterprise,self_serve,2026-02,161319.35,50375.03,0
C01318,mid_market,self_serve,2026-02,53069.5,9605.98,0
C01319,smb,self_serve,2026-02,11403.51,1992.34,0
C01320,smb,inbound,2026-02,11974.13,5446.25,0
C01321,smb,inbound,2026-02,9866.97,3392.23,0
C01322,enterprise,outbound,2026-02,107160.57,211763.98,0
C01323,smb,partner,2026-02,4276.34,2052.8,0
C01324,mid_market,inbound,2026-02,42012.96,19765.01,0
C01325,enterprise,self_serve,2026-02,97437.24,29183.26,0
C01326,mid_market,outbound,2026-02,25831.23,28904.71,0
C01327,mid_market,self_serve,2026-02,22574.22,4245.87,0
C01328,mid_market,outbound,2026-03,31539.95,39507.27,0
C01329,smb,inbound,2026-03,11035.37,4429.93,0
C01330,mid_market,partner,2026-03,53950.38,50958.66,0
C01331,smb,self_serve,2026-03,3507.11,597.48,0
C01332,smb,outbound,2026-03,10171.45,10032.76,0
C01333,mid_market,self_serve,2026-03,45407.43,11362.0,0
C01334,smb,self_serve,2026-03,9856.68,1231.99,0
C01335,smb,inbound,2026-03,9239.92,3739.9,0
C01336,smb,outbound,2026-03,9721.4,8820.91,0
C01337,mid_market,self_serve,2026-03,30820.44,7401.09,0
C01338,smb,self_serve,2026-03,5059.84,739.42,0
C01339,smb,inbound,2026-03,5378.67,2254.43,0
C01340,smb,outbound,2026-03,10065.89,11048.7,0
C01341,mid_market,partner,2026-03,36698.13,32653.87,0
C01342,smb,outbound,2026-03,3508.48,4072.42,0
C01343,smb,inbound,2026-03,10830.96,5131.45,0
C01344,enterprise,inbound,2026-03,176453.73,179019.6,0
C01345,smb,inbound,2026-03,5368.72,2530.64,0
C01346,mid_market,outbound,2026-03,52675.13,62218.92,0
C01347,enterprise,outbound,2026-03,144449.31,251902.34,0
C01348,smb,inbound,2026-03,10051.24,3479.79,0
C01349,smb,partner,2026-03,8184.35,5086.95,0
C01350,mid_market,outbound,2026-03,58638.97,95553.58,0
C01351,smb,partner,2026-03,8172.25,4084.44,0
C01352,mid_market,inbound,2026-03,22294.64,12393.6,0
C01353,smb,partner,2026-03,6436.75,3845.22,0
C01354,smb,inbound,2026-03,11938.31,5583.11,0
C01355,smb,self_serve,2026-03,5329.43,712.16,0
C01356,smb,partner,2026-03,6867.11,4224.1,0
C01357,mid_market,self_serve,2026-03,38422.88,6806.55,0
C01358,mid_market,partner,2026-03,50930.61,47520.68,0
C01359,smb,outbound,2026-03,8870.23,7302.62,0
C01360,smb,outbound,2026-03,7163.66,6452.81,0
C01361,mid_market,outbound,2026-03,45469.03,68916.64,0
C01362,smb,inbound,2026-03,3435.56,1284.8,0
C01363,smb,partner,2026-03,11621.87,7119.31,0
C01364,mid_market,self_serve,2026-03,35479.11,7942.85,0
C01365,smb,outbound,2026-03,6999.59,6315.55,0
C01366,mid_market,outbound,2026-03,40725.73,45914.32,0
C01367,smb,outbound,2026-03,11533.55,9828.09,0
C01368,mid_market,self_serve,2026-03,52294.98,9174.96,0
C01369,smb,outbound,2026-03,3854.25,2956.56,0
C01370,enterprise,outbound,2026-03,220074.75,495404.16,0
C01371,smb,outbound,2026-03,5194.96,4659.77,0
C01372,mid_market,outbound,2026-03,12737.37,18594.2,0
C01373,mid_market,partner,2026-04,58418.68,58116.88,0
C01374,mid_market,partner,2026-04,16242.36,16821.83,0
C01375,enterprise,partner,2026-04,200864.42,211848.25,0
C01376,smb,self_serve,2026-04,4741.71,750.37,0
C01377,mid_market,outbound,2026-04,45870.74,53050.65,0
C01378,enterprise,inbound,2026-04,235108.71,212537.71,0
C01379,smb,partner,2026-04,5826.93,2845.91,0
C01380,smb,self_serve,2026-04,2209.19,267.6,0
C01381,mid_market,partner,2026-04,38638.44,36091.67,0
C01382,smb,outbound,2026-04,4765.54,5092.67,0
C01383,mid_market,inbound,2026-04,15492.88,10571.54,0
C01384,smb,inbound,2026-04,11162.83,3682.6,0
C01385,enterprise,inbound,2026-04,90985.04,61472.12,0
C01386,mid_market,partner,2026-04,26251.45,19928.7,0
C01387,smb,outbound,2026-04,10875.34,10867.22,0
C01388,mid_market,partner,2026-04,30303.16,26914.28,0
C01389,enterprise,inbound,2026-04,214666.31,190105.98,0
C01390,enterprise,inbound,2026-04,217460.83,217484.79,0
C01391,smb,partner,2026-04,7953.35,4567.06,0
C01392,smb,partner,2026-04,1978.48,1120.44,0
C01393,enterprise,inbound,2026-04,95177.26,80881.2,0
C01394,smb,self_serve,2026-04,8289.26,1083.11,0
C01395,mid_market,outbound,2026-04,59072.13,93864.45,0
C01396,smb,inbound,2026-04,8329.6,3250.89,0
C01397,smb,inbound,2026-04,7468.53,2563.5,0
C01398,mid_market,inbound,2026-04,22839.91,13386.91,0
C01399,smb,inbound,2026-04,10235.13,4361.48,0
C01400,mid_market,partner,2026-04,30324.59,21192.4,0
C01401,mid_market,self_serve,2026-04,46389.44,10902.49,0
C01402,smb,outbound,2026-04,9406.7,10578.61,0
C01403,mid_market,self_serve,2026-04,52832.66,12289.96,0
C01404,smb,partner,2026-04,7895.0,4957.9,0
C01405,mid_market,inbound,2026-04,57625.38,27865.61,0
C01406,smb,self_serve,2026-04,3369.94,468.36,0
C01407,smb,inbound,2026-04,10944.15,5314.17,0
C01408,smb,outbound,2026-04,11498.85,8635.5,0
C01409,mid_market,partner,2026-04,16894.37,15132.92,0
C01410,mid_market,inbound,2026-04,57217.29,37178.42,0
C01411,smb,self_serve,2026-04,2558.44,457.58,0
C01412,mid_market,inbound,2026-04,39814.23,24464.99,0
C01413,mid_market,outbound,2026-05,28212.88,35623.78,0
C01414,smb,partner,2026-05,6727.72,4771.86,0
C01415,smb,partner,2026-05,6318.43,3515.34,0
C01416,mid_market,inbound,2026-05,51987.43,25452.78,0
C01417,smb,inbound,2026-05,2012.35,816.73,0
C01418,enterprise,partner,2026-05,168380.2,164018.39,0
C01419,mid_market,self_serve,2026-05,17400.13,3413.64,0
C01420,mid_market,self_serve,2026-05,55183.06,12820.97,0
C01421,smb,self_serve,2026-05,3794.78,472.86,0
C01422,smb,partner,2026-05,5610.67,2812.45,0
C01423,mid_market,inbound,2026-05,23662.6,13746.51,0
C01424,smb,inbound,2026-05,2559.24,1194.16,0
C01425,mid_market,self_serve,2026-05,20256.55,4559.03,0
C01426,mid_market,inbound,2026-05,16407.05,9009.72,0
C01427,mid_market,partner,2026-05,51539.07,43624.24,0
C01428,smb,self_serve,2026-05,4287.24,568.73,0
C01429,mid_market,inbound,2026-05,13455.97,8430.57,0
C01430,enterprise,self_serve,2026-05,129981.33,47001.91,0
C01431,enterprise,outbound,2026-05,160428.93,250560.26,0
C01432,mid_market,partner,2026-05,43446.31,42348.98,0
C01433,mid_market,outbound,2026-05,29616.87,39530.05,0
C01434,mid_market,outbound,2026-05,56529.08,65468.47,0
C01435,smb,partner,2026-05,11021.1,5500.7,0
C01436,enterprise,partner,2026-05,180138.55,224519.52,0
C01437,smb,partner,2026-05,1845.15,961.26,0
C01438,smb,outbound,2026-05,7442.66,8203.0,0
C01439,smb,outbound,2026-05,8157.33,6721.92,0
C01440,mid_market,inbound,2026-05,36661.98,21747.02,0
C01441,mid_market,partner,2026-05,14069.6,14136.96,0
C01442,smb,inbound,2026-05,5718.85,2876.16,0
C01443,mid_market,partner,2026-05,37085.81,25500.09,0
C01444,smb,self_serve,2026-05,1958.61,320.12,0
C01445,mid_market,self_serve,2026-05,34615.01,7706.32,0
C01446,mid_market,self_serve,2026-05,52543.05,10187.56,0
C01447,smb,inbound,2026-05,3005.03,1138.1,0
C01448,mid_market,inbound,2026-05,18909.32,11477.24,0
